frequency_re,frequency_im,v(c1)_re,v(c1)_im,v(c1:bv_max)_re,v(c1:bv_max)_im,v(c1:cap)_re,v(c1:cap)_im,v(c1:cj)_re,v(c1:cj)_im,v(c1:cjsw)_re,v(c1:cjsw)_im,v(c1:del)_re,v(c1:del)_im,v(c1:di)_re,v(c1:di)_im,v(c1:narrow)_re,v(c1:narrow)_im,v(c1:short)_re,v(c1:short)_im,v(c1:tc1)_re,v(c1:tc1)_im,v(c1:tc2)_re,v(c1:tc2)_im,v(c1:thick)_re,v(c1:thick)_im,v(c1_bv_max)_re,v(c1_bv_max)_im,v(c1_dtemp)_re,v(c1_dtemp)_im,v(c1_ic)_re,v(c1_ic)_im,v(c1_l)_re,v(c1_l)_im,v(c1_m)_re,v(c1_m)_im,v(c1_scale)_re,v(c1_scale)_im,v(c1_tc1)_re,v(c1_tc1)_im,v(c1_tc2)_re,v(c1_tc2)_im,v(c1_temp)_re,v(c1_temp)_im,v(c1_w)_re,v(c1_w)_im,v(r1)_re,v(r1)_im,v(r1:af)_re,v(r1:af)_im,v(r1:bv_max)_re,v(r1:bv_max)_im,v(r1:ef)_re,v(r1:ef)_im,v(r1:kf)_re,v(r1:kf)_im,v(r1:lf)_re,v(r1:lf)_im,v(r1:narrow)_re,v(r1:narrow)_im,v(r1:r)_re,v(r1:r)_im,v(r1:rsh)_re,v(r1:rsh)_im,v(r1:short)_re,v(r1:short)_im,v(r1:tc1)_re,v(r1:tc1)_im,v(r1:tc2)_re,v(r1:tc2)_im,v(r1:tce)_re,v(r1:tce)_im,v(r1:wf)_re,v(r1:wf)_im,v(r1_ac)_re,v(r1_ac)_im,v(r1_bv_max)_re,v(r1_bv_max)_im,v(r1_dtemp)_re,v(r1_dtemp)_im,v(r1_l)_re,v(r1_l)_im,v(r1_m)_re,v(r1_m)_im,v(r1_scale)_re,v(r1_scale)_im,v(r1_tc)_re,v(r1_tc)_im,v(r1_tc2)_re,v(r1_tc2)_im,v(r1_tce)_re,v(r1_tce)_im,v(r1_temp)_re,v(r1_temp)_im,v(r1_w)_re,v(r1_w)_im,v(vin)_re,v(vin)_im,v(vin_acmag)_re,v(vin_acmag)_im,v(vin_acphase)_re,v(vin_acphase)_im,v(vin_freq)_re,v(vin_freq)_im,v(vin_phase)_re,v(vin_phase)_im,v(vin_pwr)_re,v(vin_pwr)_im,v(vin_z0)_re,v(vin_z0)_im
10.0,0.0,-7833.708943756773,-62092.5718324234,-0.0,-0.0,-0.0,-0.0,-0.0,-0.0,-0.0,-0.0,-0.0,-0.0,-0.0,-0.0,-0.0,-0.0,-0.0,-0.0,-0.0,-0.0,-0.0,-0.0,-0.0,-0.0,-0.0,-0.0,-0.0,-0.0,-0.0,-0.0,-0.0,-0.0,-0.00783370894206708,-0.06209257181903032,-0.00783370894206708,-0.06209257181903032,-0.0,-0.0,-0.0,-0.0,-0.0,-0.0,-0.0,-0.0,-7.833701109083565e-06,-6.209250973220897e-05,-0.0,-0.0,-0.0,-0.0,-0.0,-0.0,-0.0,-0.0,-0.0,-0.0,-0.0,-0.0,-0.0,-0.0,-0.0,-0.0,-0.0,-0.0,-0.0,-0.0,-0.0,-0.0,-0.0,-0.0,-0.0,-0.0,-7.833701109083565e-06,-6.209250973220897e-05,-0.0,-0.0,-0.0,-0.0,-0.0,-0.0,0.007833708941627111,0.06209257181554412,-0.00783370110738497,-0.06209250971874478,-0.0,-0.0,-0.0,-0.0,-0.0,-0.0,-0.0,-0.0,-0.0,-0.0,0.0,-0.0,0.9960676823252296,-0.06258477826542305,0.001092310331866351,0.01738466063766267,0.0,-0.0,0.0,-0.0,0.0,-0.0,0.0,-0.0
11.22018454301963,0.0,-9842.003251744467,-69456.00476611588,-0.0,-0.0,-0.0,-0.0,-0.0,-0.0,-0.0,-0.0,-0.0,-0.0,-0.0,-0.0,-0.0,-0.0,-0.0,-0.0,-0.0,-0.0,-0.0,-0.0,-0.0,-0.0,-0.0,-0.0,-0.0,-0.0,-0.0,-0.0,-0.0,-0.0,-0.009842003249852453,-0.06945600475276376,-0.00984200324796044,-0.06945600473941163,-0.0,-0.0,-0.0,-0.0,-0.0,-0.0,-0.0,-0.0,-0.0,-0.0,-0.0,-0.0,-0.0,-0.0,-0.0,-0.0,-0.0,-0.0,-0.0,-0.0,-0.0,-0.0,-0.0,-0.0,-0.0,-0.0,-0.0,-0.0,-0.0,-0.0,-0.0,-0.0,-0.0,-0.0,-0.0,-0.0,-9.84199340988158e-06,-6.945593531110121e-05,-0.0,-0.0,-0.0,-0.0,-0.0,-0.0,0.009842003250420821,0.06945600475677395,-0.009841993407747373,-0.06945593529604036,-0.0,-0.0,-0.0,-0.0,-0.0,-0.0,-0.0,-0.0,-0.0,-0.0,0.0,-0.0,0.9950545407258512,-0.07014985121051034,0.001224345763035012,0.01736697798180303,0.0,-0.0,0.0,-0.0,0.0,-0.0,0.0,-0.0
12.58925411794167,0.0,-12358.67703524051,-77631.18973594475,-0.0,-0.0,-0.0,-0.0,-0.0,-0.0,-0.0,-0.0,-0.0,-0.0,-0.0,-0.0,-0.0,-0.0,-0.0,-0.0,-0.0,-0.0,-0.0,-0.0,-0.0,-0.0,-0.0,-0.0,-0.0,-0.0,-0.0,-0.0,-0.0,-0.0,-0.01235867703312306,-0.07763118972264399,-0.01235867703312306,-0.07763118972264399,-0.0,-0.0,-0.0,-0.0,-0.0,-0.0,-0.0,-0.0,-0.0,-0.0,-0.0,-0.0,-0.0,-0.0,-0.0,-0.0,-0.0,-0.0,-0.0,-0.0,-0.0,-0.0,-0.0,-0.0,-0.0,-0.0,-0.0,-0.0,-0.0,-0.0,-0.0,-0.0,-0.0,-0.0,-0.0,-0.0,-1.235866467673788e-05,-7.76311121058501e-05,-0.0,-0.0,-0.0,-0.0,-0.0,-0.0,0.01235867703357646,0.0776311897254917,-0.01235866467405803,-0.07763111208901652,-0.0,-0.0,-0.0,-0.0,-0.0,-0.0,-0.0,-0.0,-0.0,-0.0,0.0,-0.0,0.993781997851178,-0.07860876869881737,0.001371981724513925,0.01734476791970449,0.0,-0.0,0.0,-0.0,0.0,-0.0,0.0,-0.0
14.12537544622754,0.0,-15508.67448357468,-86682.28341595575,-0.0,-0.0,-0.0,-0.0,-0.0,-0.0,-0.0,-0.0,-0.0,-0.0,-0.0,-0.0,-0.0,-0.0,-0.0,-0.0,-0.0,-0.0,-0.0,-0.0,-0.0,-0.0,-0.0,-0.0,-0.0,-0.0,-0.0,-0.0,-0.0,-0.0,-0.0155086744812065,-0.08668228340271933,-0.01550867447883832,-0.0866822833894829,-0.0,-0.0,-0.0,-0.0,-0.0,-0.0,-0.0,-0.0,-0.0,-0.0,-0.0,-0.0,-0.0,-0.0,-0.0,-0.0,-0.0,-0.0,-0.0,-0.0,-0.0,-0.0,-0.0,-0.0,-0.0,-0.0,-0.0,-0.0,-0.0,-0.0,-0.0,-0.0,-0.0,-0.0,-0.0,-0.0,-1.550865897446135e-05,-8.668219673122046e-05,-0.0,-0.0,-0.0,-0.0,-0.0,-0.0,0.01550867448082893,0.0866822834006093,-0.01550865897109846,-0.08668219671242422,-0.0,-0.0,-0.0,-0.0,-0.0,-0.0,-0.0,-0.0,-0.0,-0.0,0.0,-0.0,0.9921845819187342,-0.08805871472976015,0.001536914397080564,0.01731688775320639,0.0,-0.0,0.0,-0.0,0.0,-0.0,0.0,-0.0
15.84893192461113,0.0,-19445.48461262699,-96667.55109319858,-0.0,-0.0,-0.0,-0.0,-0.0,-0.0,-0.0,-0.0,-0.0,-0.0,-0.0,-0.0,-0.0,-0.0,-0.0,-0.0,-0.0,-0.0,-0.0,-0.0,-0.0,-0.0,-0.0,-0.0,-0.0,-0.0,-0.0,-0.0,-0.0,-0.0,-0.01944548460998057,-0.09666755108004266,-0.01944548460998057,-0.09666755108004266,-0.0,-0.0,-0.0,-0.0,-0.0,-0.0,-0.0,-0.0,-0.0,-0.0,-0.0,-0.0,-0.0,-0.0,-0.0,-0.0,-0.0,-0.0,-0.0,-0.0,-0.0,-0.0,-0.0,-0.0,-0.0,-0.0,-0.0,-0.0,-0.0,-0.0,-0.0,-0.0,-0.0,-0.0,-0.0,-0.0,-1.944546516850791e-05,-9.666745443243503e-05,-0.0,-0.0,-0.0,-0.0,-0.0,-0.0,0.01944548461109987,0.09666755108560621,-0.01944546516429117,-0.09666745441147363,-0.0,-0.0,-0.0,-0.0,-0.0,-0.0,-0.0,-0.0,-0.0,-0.0,0.0,-0.0,0.9901808417448502,-0.09860396698333795,0.001720963769596449,0.01728191589098552,0.0,-0.0,0.0,-0.0,0.0,-0.0,0.0,-0.0
17.78279410038922,0.0,-24356.40837974518,-107633.4964633103,-0.0,-0.0,-0.0,-0.0,-0.0,-0.0,-0.0,-0.0,-0.0,-0.0,-0.0,-0.0,-0.0,-0.0,-0.0,-0.0,-0.0,-0.0,-0.0,-0.0,-0.0,-0.0,-0.0,-0.0,-0.0,-0.0,-0.0,-0.0,-0.0,-0.0,-0.02435640837679089,-0.1076334964502549,-0.02435640837383659,-0.1076334964371996,-0.0,-0.0,-0.0,-0.0,-0.0,-0.0,-0.0,-0.0,-0.0,-0.0,-0.0,-0.0,-0.0,-0.0,-0.0,-0.0,-0.0,-0.0,-0.0,-0.0,-0.0,-0.0,-0.0,-0.0,-0.0,-0.0,-0.0,-0.0,-0.0,-0.0,-0.0,-0.0,-0.0,-0.0,-0.0,-0.0,-2.43563840242911e-05,-0.0001076333888340316,-0.0,-0.0,-0.0,-0.0,-0.0,-0.0,0.02435640837707643,0.1076334964515169,-0.02435638401900968,-0.1076333888106923,-0.0,-0.0,-0.0,-0.0,-0.0,-0.0,-0.0,-0.0,-0.0,-0.0,0.0,-0.0,0.9876697609357019,-0.1103549010586441,0.001926056259690994,0.01723808926438324,0.0,-0.0,0.0,-0.0,0.0,-0.0,0.0,-0.0
19.95262314968879,0.0,-30468.04558806757,-119606.5257119835,-0.0,-0.0,-0.0,-0.0,-0.0,-0.0,-0.0,-0.0,-0.0,-0.0,-0.0,-0.0,-0.0,-0.0,-0.0,-0.0,-0.0,-0.0,-0.0,-0.0,-0.0,-0.0,-0.0,-0.0,-0.0,-0.0,-0.0,-0.0,-0.0,-0.0,-0.03046804558148015,-0.1196065256861237,-0.03046804558148015,-0.1196065256861237,-0.0,-0.0,-0.0,-0.0,-0.0,-0.0,-0.0,-0.0,-0.0,-0.0,-0.0,-0.0,-0.0,-0.0,-0.0,-0.0,-0.0,-0.0,-0.0,-0.0,-0.0,-0.0,-0.0,-0.0,-0.0,-0.0,-0.0,-0.0,-0.0,-0.0,-0.0,-0.0,-0.0,-0.0,-0.0,-0.0,-3.046801512010241e-05,-0.0001196064061057734,-0.0,-0.0,-0.0,-0.0,-0.0,-0.0,0.03046804558361559,0.1196065256945069,-0.03046801511349573,-0.1196064060798379,-0.0,-0.0,-0.0,-0.0,-0.0,-0.0,-0.0,-0.0,-0.0,-0.0,0.0,-0.0,0.9845265494565734,-0.1234261835702342,0.00215419317734433,0.01718322987643266,0.0,-0.0,0.0,-0.0,0.0,-0.0,0.0,-0.0
22.38721138568338,0.0,-38051.4818329371,-132581.3925293789,-0.0,-0.0,-0.0,-0.0,-0.0,-0.0,-0.0,-0.0,-0.0,-0.0,-0.0,-0.0,-0.0,-0.0,-0.0,-0.0,-0.0,-0.0,-0.0,-0.0,-0.0,-0.0,-0.0,-0.0,-0.0,-0.0,-0.0,-0.0,-0.0,-0.0,-0.0380514818329371,-0.1325813925293789,-0.03805148182560477,-0.1325813925038311,-0.0,-0.0,-0.0,-0.0,-0.0,-0.0,-0.0,-0.0,-0.0,-0.0,-0.0,-0.0,-0.0,-0.0,-0.0,-0.0,-0.0,-0.0,-0.0,-0.0,-0.0,-0.0,-0.0,-0.0,-0.0,-0.0,-0.0,-0.0,-0.0,-0.0,-0.0,-0.0,-0.0,-0.0,-0.0,-0.0,-3.805144378710327e-05,-0.0001325812599676651,-0.0,-0.0,-0.0,-0.0,-0.0,-0.0,0.03805148183292464,0.1325813925293353,-0.03805144377885211,-0.1325812599389161,-0.0,-0.0,-0.0,-0.0,-0.0,-0.0,-0.0,-0.0,-0.0,-0.0,0.0,-0.0,0.9805978141900297,-0.13793382803031,0.002407399340338377,0.01711466051219728,0.0,-0.0,0.0,-0.0,0.0,-0.0,0.0,-0.0
25.11886431509578,0.0,-47426.26803008102,-146505.5736731448,-0.0,-0.0,-0.0,-0.0,-0.0,-0.0,-0.0,-0.0,-0.0,-0.0,-0.0,-0.0,-0.0,-0.0,-0.0,-0.0,-0.0,-0.0,-0.0,-0.0,-0.0,-0.0,-0.0,-0.0,-0.0,-0.0,-0.0,-0.0,-0.0,-0.0,-0.04742626802193606,-0.146505573647984,-0.04742626802193606,-0.146505573647984,-0.0,-0.0,-0.0,-0.0,-0.0,-0.0,-0.0,-0.0,-0.0,-0.0,-0.0,-0.0,-0.0,-0.0,-0.0,-0.0,-0.0,-0.0,-0.0,-0.0,-0.0,-0.0,-0.0,-0.0,-0.0,-0.0,-0.0,-0.0,-0.0,-0.0,-0.0,-0.0,-0.0,-0.0,-0.0,-0.0,-4.742622060343698e-05,-0.0001465054271664098,-0.0,-0.0,-0.0,-0.0,-0.0,-0.0,0.04742626802265008,0.1465055736501898,-0.04742622059315314,-0.1465054271346415,-0.0,-0.0,-0.0,-0.0,-0.0,-0.0,-0.0,-0.0,-0.0,-0.0,0.0,-0.0,0.9756961907668714,-0.1539906945552915,0.002687644529319807,0.01702911104654593,0.0,-0.0,0.0,-0.0,0.0,-0.0,0.0,-0.0
28.18382931264452,0.0,-58961.72176613073,-161258.7245795525,-0.0,-0.0,-0.0,-0.0,-0.0,-0.0,-0.0,-0.0,-0.0,-0.0,-0.0,-0.0,-0.0,-0.0,-0.0,-0.0,-0.0,-0.0,-0.0,-0.0,-0.0,-0.0,-0.0,-0.0,-0.0,-0.0,-0.0,-0.0,-0.0,-0.0,-0.05896172175710586,-0.1612587245548698,-0.05896172174808101,-0.161258724530187,-0.0,-0.0,-0.0,-0.0,-0.0,-0.0,-0.0,-0.0,-0.0,-0.0,-0.0,-0.0,-0.0,-0.0,-0.0,-0.0,-0.0,-0.0,-0.0,-0.0,-0.0,-0.0,-0.0,-0.0,-0.0,-0.0,-0.0,-0.0,-0.0,-0.0,-0.0,-0.0,-0.0,-0.0,-0.0,-0.0,-5.896166280054512e-05,-0.0001612585633102606,-0.0,-0.0,-0.0,-0.0,-0.0,-0.0,0.05896172175349609,0.1612587245449969,-0.0589616627877599,-0.1612585632752932,-0.0,-0.0,-0.0,-0.0,-0.0,-0.0,-0.0,-0.0,-0.0,-0.0,0.0,-0.0,0.9695946539789452,-0.1716999151852719,0.002996728737977904,0.01692261914212242,0.0,-0.0,0.0,-0.0,0.0,-0.0,0.0,-0.0
31.62277660168376,0.0,-73073.30985295834,-176626.5730722414,-0.0,-0.0,-0.0,-0.0,-0.0,-0.0,-0.0,-0.0,-0.0,-0.0,-0.0,-0.0,-0.0,-0.0,-0.0,-0.0,-0.0,-0.0,-0.0,-0.0,-0.0,-0.0,-0.0,-0.0,-0.0,-0.0,-0.0,-0.0,-0.0,-0.0,-0.07307330984298985,-0.1766265730481465,-0.07307330983302136,-0.1766265730240515,-0.0,-0.0,-0.0,-0.0,-0.0,-0.0,-0.0,-0.0,-0.0,-0.0,-0.0,-0.0,-0.0,-0.0,-0.0,-0.0,-0.0,-0.0,-0.0,-0.0,-0.0,-0.0,-0.0,-0.0,-0.0,-0.0,-0.0,-0.0,-0.0,-0.0,-0.0,-0.0,-0.0,-0.0,-0.0,-0.0,-7.307323678048423e-05,-0.0001766263964476886,-0.0,-0.0,-0.0,-0.0,-0.0,-0.0,0.07307330984292386,0.1766265730479873,-0.07307323676463898,-0.1766263964093888,-0.0,-0.0,-0.0,-0.0,-0.0,-0.0,-0.0,-0.0,-0.0,-0.0,0.0,-0.0,0.9620209356750203,-0.1911456379801447,0.00333612062704732,0.0167904328232484,0.0,-0.0,0.0,-0.0,0.0,-0.0,0.0,-0.0
35.48133892335751,0.0,-90210.90110354385,-192269.1963742428,-0.0,-0.0,-0.0,-0.0,-0.0,-0.0,-0.0,-0.0,-0.0,-0.0,-0.0,-0.0,-0.0,-0.0,-0.0,-0.0,-0.0,-0.0,-0.0,-0.0,-0.0,-0.0,-0.0,-0.0,-0.0,-0.0,-0.0,-0.0,-0.0,-0.0,-0.0902109010925758,-0.1922691963508663,-0.09021090108160776,-0.1922691963274898,-0.0,-0.0,-0.0,-0.0,-0.0,-0.0,-0.0,-0.0,-0.0,-0.0,-0.0,-0.0,-0.0,-0.0,-0.0,-0.0,-0.0,-0.0,-0.0,-0.0,-0.0,-0.0,-0.0,-0.0,-0.0,-0.0,-0.0,-0.0,-0.0,-0.0,-0.0,-0.0,-0.0,-0.0,-0.0,-0.0,-9.021081089662465e-05,-0.0001922690041135335,-0.0,-0.0,-0.0,-0.0,-0.0,-0.0,0.09021090109410637,0.1922691963541285,-0.0902108108770633,-0.1922690040718417,-0.0,-0.0,-0.0,-0.0,-0.0,-0.0,-0.0,-0.0,-0.0,-0.0,0.0,-0.0,0.9526527911963171,-0.2123804382324606,0.003706737808524118,0.01662692785963659,0.0,-0.0,0.0,-0.0,0.0,-0.0,0.0,-0.0
39.81071705534968,0.0,-110834.6075990263,-207684.8419119828,-0.0,-0.0,-0.0,-0.0,-0.0,-0.0,-0.0,-0.0,-0.0,-0.0,-0.0,-0.0,-0.0,-0.0,-0.0,-0.0,-0.0,-0.0,-0.0,-0.0,-0.0,-0.0,-0.0,-0.0,-0.0,-0.0,-0.0,-0.0,-0.0,-0.0,-0.1108346075750062,-0.2076848418669732,-0.1108346075750062,-0.2076848418669732,-0.0,-0.0,-0.0,-0.0,-0.0,-0.0,-0.0,-0.0,-0.0,-0.0,-0.0,-0.0,-0.0,-0.0,-0.0,-0.0,-0.0,-0.0,-0.0,-0.0,-0.0,-0.0,-0.0,-0.0,-0.0,-0.0,-0.0,-0.0,-0.0,-0.0,-0.0,-0.0,-0.0,-0.0,-0.0,-0.0,-0.0001108344967663901,-0.0002076846342308347,-0.0,-0.0,-0.0,-0.0,-0.0,-0.0,0.1108346075845102,0.2076848418847821,-0.1108344967423567,-0.2076846341858002,-0.0,-0.0,-0.0,-0.0,-0.0,-0.0,-0.0,-0.0,-0.0,-0.0,0.0,-0.0,0.9411152866703949,-0.2354088014248255,0.004108658568889942,0.0164255604207356,0.0,-0.0,0.0,-0.0,0.0,-0.0,0.0,-0.0
44.66835921509626,0.0,-135373.0373934312,-222172.5893155283,-0.0,-0.0,-0.0,-0.0,-0.0,-0.0,-0.0,-0.0,-0.0,-0.0,-0.0,-0.0,-0.0,-0.0,-0.0,-0.0,-0.0,-0.0,-0.0,-0.0,-0.0,-0.0,-0.0,-0.0,-0.0,-0.0,-0.0,-0.0,-0.0,-0.0,-0.1353730373934312,-0.2221725893155283,-0.1353730373672835,-0.2221725892726151,-0.0,-0.0,-0.0,-0.0,-0.0,-0.0,-0.0,-0.0,-0.0,-0.0,-0.0,-0.0,-0.0,-0.0,-0.0,-0.0,-0.0,-0.0,-0.0,-0.0,-0.0,-0.0,-0.0,-0.0,-0.0,-0.0,-0.0,-0.0,-0.0,-0.0,-0.0,-0.0,-0.0,-0.0,-0.0,-0.0,-0.0001353729020288373,-0.0002221723671567966,-0.0,-0.0,-0.0,-0.0,-0.0,-0.0,0.1353730373817371,0.2221725892963363,-0.135372901999483,-0.2221723671086206,-0.0,-0.0,-0.0,-0.0,-0.0,-0.0,-0.0,-0.0,-0.0,-0.0,0.0,-0.0,0.926981827760545,-0.2601663288859739,0.004540758939344572,0.01617888503079173,0.0,-0.0,0.0,-0.0,0.0,-0.0,0.0,-0.0
50.11872336272717,0.0,-164158.6274104013,-234800.4658239083,-0.0,-0.0,-0.0,-0.0,-0.0,-0.0,-0.0,-0.0,-0.0,-0.0,-0.0,-0.0,-0.0,-0.0,-0.0,-0.0,-0.0,-0.0,-0.0,-0.0,-0.0,-0.0,-0.0,-0.0,-0.0,-0.0,-0.0,-0.0,-0.0,-0.0,-0.1641586274104013,-0.2348004658239083,-0.1641586273821418,-0.234800465783488,-0.0,-0.0,-0.0,-0.0,-0.0,-0.0,-0.0,-0.0,-0.0,-0.0,-0.0,-0.0,-0.0,-0.0,-0.0,-0.0,-0.0,-0.0,-0.0,-0.0,-0.0,-0.0,-0.0,-0.0,-0.0,-0.0,-0.0,-0.0,-0.0,-0.0,-0.0,-0.0,-0.0,-0.0,-0.0,-0.0,-0.0001641584632625988,-0.0002348002310389258,-0.0,-0.0,-0.0,-0.0,-0.0,-0.0,0.1641586273968066,0.2348004658044635,-0.1641584632270027,-0.2348002309880116,-0.0,-0.0,-0.0,-0.0,-0.0,-0.0,-0.0,-0.0,-0.0,-0.0,0.0,-0.0,0.9097812663271104,-0.2864948755082807,0.005000278767116105,0.0158786786034851,0.0,-0.0,0.0,-0.0,0.0,-0.0,0.0,-0.0
56.23413251903484,0.0,-197336.2642103961,-244390.1203720685,-0.0,-0.0,-0.0,-0.0,-0.0,-0.0,-0.0,-0.0,-0.0,-0.0,-0.0,-0.0,-0.0,-0.0,-0.0,-0.0,-0.0,-0.0,-0.0,-0.0,-0.0,-0.0,-0.0,-0.0,-0.0,-0.0,-0.0,-0.0,-0.0,-0.0,-0.1973362641801195,-0.2443901203345726,-0.1973362641801195,-0.2443901203345726,-0.0,-0.0,-0.0,-0.0,-0.0,-0.0,-0.0,-0.0,-0.0,-0.0,-0.0,-0.0,-0.0,-0.0,-0.0,-0.0,-0.0,-0.0,-0.0,-0.0,-0.0,-0.0,-0.0,-0.0,-0.0,-0.0,-0.0,-0.0,-0.0,-0.0,-0.0,-0.0,-0.0,-0.0,-0.0,-0.0,-0.0001973360668796161,-0.0002443898759887401,-0.0,-0.0,-0.0,-0.0,-0.0,-0.0,0.1973362641865253,0.2443901203425059,-0.1973360668368256,-0.2443898759357465,-0.0,-0.0,-0.0,-0.0,-0.0,-0.0,-0.0,-0.0,-0.0,-0.0,0.0,-0.0,0.8890139686961014,-0.3141148390098318,0.005482338071844125,0.01551622088611899,0.0,-0.0,0.0,-0.0,0.0,-0.0,0.0,-0.0
63.09573444801924,0.0,-234745.9424652893,-249534.1935057578,-0.0,-0.0,-0.0,-0.0,-0.0,-0.0,-0.0,-0.0,-0.0,-0.0,-0.0,-0.0,-0.0,-0.0,-0.0,-0.0,-0.0,-0.0,-0.0,-0.0,-0.0,-0.0,-0.0,-0.0,-0.0,-0.0,-0.0,-0.0,-0.0,-0.0,-0.2347459424331898,-0.2495341934716361,-0.2347459424331898,-0.2495341934716361,-0.0,-0.0,-0.0,-0.0,-0.0,-0.0,-0.0,-0.0,-0.0,-0.0,-0.0,-0.0,-0.0,-0.0,-0.0,-0.0,-0.0,-0.0,-0.0,-0.0,-0.0,-0.0,-0.0,-0.0,-0.0,-0.0,-0.0,-0.0,-0.0,-0.0,-0.0,-0.0,-0.0,-0.0,-0.0,-0.0,-0.0002347457077328292,-0.0002495339439858961,-0.0,-0.0,-0.0,-0.0,-0.0,-0.0,0.2347459424438518,0.2495341934829698,-0.2347457076819268,-0.249533943931787,-0.0,-0.0,-0.0,-0.0,-0.0,-0.0,-0.0,-0.0,-0.0,-0.0,0.0,-0.0,0.8641799400233561,-0.3425973893851085,0.005979452358055878,0.01508278532237145,0.0,-0.0,0.0,-0.0,0.0,-0.0,0.0,-0.0
70.7945784384137,0.0,-275789.0600090257,-248666.2912179486,-0.0,-0.0,-0.0,-0.0,-0.0,-0.0,-0.0,-0.0,-0.0,-0.0,-0.0,-0.0,-0.0,-0.0,-0.0,-0.0,-0.0,-0.0,-0.0,-0.0,-0.0,-0.0,-0.0,-0.0,-0.0,-0.0,-0.0,-0.0,-0.0,-0.0,-0.275789059975415,-0.2486662911876433,-0.2757890599418043,-0.2486662911573382,-0.0,-0.0,-0.0,-0.0,-0.0,-0.0,-0.0,-0.0,-0.0,-0.0,-0.0,-0.0,-0.0,-0.0,-0.0,-0.0,-0.0,-0.0,-0.0,-0.0,-0.0,-0.0,-0.0,-0.0,-0.0,-0.0,-0.0,-0.0,-0.0,-0.0,-0.0,-0.0,-0.0,-0.0,-0.0,-0.0,-0.0002757887842269549,-0.0002486660425579592,-0.0,-0.0,-0.0,-0.0,-0.0,-0.0,0.2757890599749895,0.2486662911872597,-0.2757887841671527,-0.2486660425040383,-0.0,-0.0,-0.0,-0.0,-0.0,-0.0,-0.0,-0.0,-0.0,-0.0,0.0,-0.0,0.8348215494166052,-0.3713415274078377,0.006481132210500901,0.01457038474634615,0.0,-0.0,0.0,-0.0,0.0,-0.0,0.0,-0.0
79.43282347242804,0.0,-319301.4537265875,-240202.6405348342,-0.0,-0.0,-0.0,-0.0,-0.0,-0.0,-0.0,-0.0,-0.0,-0.0,-0.0,-0.0,-0.0,-0.0,-0.0,-0.0,-0.0,-0.0,-0.0,-0.0,-0.0,-0.0,-0.0,-0.0,-0.0,-0.0,-0.0,-0.0,-0.0,-0.0,-0.3193014536572239,-0.2402026404826537,-0.3193014536572239,-0.2402026404826537,-0.0,-0.0,-0.0,-0.0,-0.0,-0.0,-0.0,-0.0,-0.0,-0.0,-0.0,-0.0,-0.0,-0.0,-0.0,-0.0,-0.0,-0.0,-0.0,-0.0,-0.0,-0.0,-0.0,-0.0,-0.0,-0.0,-0.0,-0.0,-0.0,-0.0,-0.0,-0.0,-0.0,-0.0,-0.0,-0.0,-0.0003193011344259904,-0.0002402024003328382,-0.0,-0.0,-0.0,-0.0,-0.0,-0.0,0.319301453679946,0.240202640499747,-0.3193011343567529,-0.2402024002807526,-0.0,-0.0,-0.0,-0.0,-0.0,-0.0,-0.0,-0.0,-0.0,-0.0,0.0,-0.0,0.8005815581595753,-0.3995631700100759,0.006973692798072982,0.01397278416614098,0.0,-0.0,0.0,-0.0,0.0,-0.0,0.0,-0.0
89.12509381337442,0.0,-363472.2368239806,-222764.5650900027,-0.0,-0.0,-0.0,-0.0,-0.0,-0.0,-0.0,-0.0,-0.0,-0.0,-0.0,-0.0,-0.0,-0.0,-0.0,-0.0,-0.0,-0.0,-0.0,-0.0,-0.0,-0.0,-0.0,-0.0,-0.0,-0.0,-0.0,-0.0,-0.0,-0.0,-0.3634722368239806,-0.2227645650900027,-0.3634722367536083,-0.222764565046873,-0.0,-0.0,-0.0,-0.0,-0.0,-0.0,-0.0,-0.0,-0.0,-0.0,-0.0,-0.0,-0.0,-0.0,-0.0,-0.0,-0.0,-0.0,-0.0,-0.0,-0.0,-0.0,-0.0,-0.0,-0.0,-0.0,-0.0,-0.0,-0.0,-0.0,-0.0,-0.0,-0.0,-0.0,-0.0,-0.0,-0.0003634718733929767,-0.0002227643423507084,-0.0,-0.0,-0.0,-0.0,-0.0,-0.0,0.3634722368111447,0.2227645650821359,-0.3634718733141612,-0.2227643423024041,-0.0,-0.0,-0.0,-0.0,-0.0,-0.0,-0.0,-0.0,-0.0,-0.0,0.0,-0.0,0.7612735760555582,-0.426305193954417,0.007440429168951356,0.0132867304590234,0.0,-0.0,0.0,-0.0,0.0,-0.0,0.0,-0.0
99.99999999999984,0.0,-405859.4935532307,-195468.2026651998,-0.0,-0.0,-0.0,-0.0,-0.0,-0.0,-0.0,-0.0,-0.0,-0.0,-0.0,-0.0,-0.0,-0.0,-0.0,-0.0,-0.0,-0.0,-0.0,-0.0,-0.0,-0.0,-0.0,-0.0,-0.0,-0.0,-0.0,-0.0,-0.0,-0.0,-0.4058594935532307,-0.1954682026651998,-0.4058594934831972,-0.1954682026314706,-0.0,-0.0,-0.0,-0.0,-0.0,-0.0,-0.0,-0.0,-0.0,-0.0,-0.0,-0.0,-0.0,-0.0,-0.0,-0.0,-0.0,-0.0,-0.0,-0.0,-0.0,-0.0,-0.0,-0.0,-0.0,-0.0,-0.0,-0.0,-0.0,-0.0,-0.0,-0.0,-0.0,-0.0,-0.0,-0.0,-0.000405859087748832,-0.0001954680072235318,-0.0,-0.0,-0.0,-0.0,-0.0,-0.0,0.4058594935479514,0.1954682026626573,-0.4058590876608252,-0.1954680071811464,-0.0,-0.0,-0.0,-0.0,-0.0,-0.0,-0.0,-0.0,-0.0,-0.0,0.0,-0.0,0.7169568002659169,-0.4504772433313292,0.007862311022487975,0.01251325681024605,0.0,-0.0,0.0,-0.0,0.0,-0.0,0.0,-0.0
112.2018454301962,0.0,-443551.3533578094,-158233.604647339,-0.0,-0.0,-0.0,-0.0,-0.0,-0.0,-0.0,-0.0,-0.0,-0.0,-0.0,-0.0,-0.0,-0.0,-0.0,-0.0,-0.0,-0.0,-0.0,-0.0,-0.0,-0.0,-0.0,-0.0,-0.0,-0.0,-0.0,-0.0,-0.0,-0.0,-0.4435513532895952,-0.1582336046230041,-0.4435513532213811,-0.1582336045986693,-0.0,-0.0,-0.0,-0.0,-0.0,-0.0,-0.0,-0.0,-0.0,-0.0,-0.0,-0.0,-0.0,-0.0,-0.0,-0.0,-0.0,-0.0,-0.0,-0.0,-0.0,-0.0,-0.0,-0.0,-0.0,-0.0,-0.0,-0.0,-0.0,-0.0,-0.0,-0.0,-0.0,-0.0,-0.0,-0.0,-0.0004435509097786713,-0.0001582334464038224,-0.0,-0.0,-0.0,-0.0,-0.0,-0.0,0.4435513532640433,0.1582336046138888,-0.4435509096824913,-0.1582334463695109,-0.0,-0.0,-0.0,-0.0,-0.0,-0.0,-0.0,-0.0,-0.0,-0.0,0.0,-0.0,0.6680009622858173,-0.4709306494762104,0.008219290308428348,0.01165881625162091,0.0,-0.0,0.0,-0.0,0.0,-0.0,0.0,-0.0
125.8925411794165,0.0,-473493.3255124419,-112030.0560985309,-0.0,-0.0,-0.0,-0.0,-0.0,-0.0,-0.0,-0.0,-0.0,-0.0,-0.0,-0.0,-0.0,-0.0,-0.0,-0.0,-0.0,-0.0,-0.0,-0.0,-0.0,-0.0,-0.0,-0.0,-0.0,-0.0,-0.0,-0.0,-0.0,-0.0,-0.4734933254475421,-0.1120300560831755,-0.4734933253826421,-0.1120300560678199,-0.0,-0.0,-0.0,-0.0,-0.0,-0.0,-0.0,-0.0,-0.0,-0.0,-0.0,-0.0,-0.0,-0.0,-0.0,-0.0,-0.0,-0.0,-0.0,-0.0,-0.0,-0.0,-0.0,-0.0,-0.0,-0.0,-0.0,-0.0,-0.0,-0.0,-0.0,-0.0,-0.0,-0.0,-0.0,-0.0,-0.0004734928520095701,-0.0001120299440662162,-0.0,-0.0,-0.0,-0.0,-0.0,-0.0,0.4734933254324604,0.112030056079607,-0.4734928519068975,-0.1120299440419235,-0.0,-0.0,-0.0,-0.0,-0.0,-0.0,-0.0,-0.0,-0.0,-0.0,0.0,-0.0,0.6151231395079979,-0.4865661955985208,0.008492182074503165,0.01073592414452188,0.0,-0.0,0.0,-0.0,0.0,-0.0,0.0,-0.0
141.2537544622752,0.0,-492948.3635114073,-58958.39781463923,-0.0,-0.0,-0.0,-0.0,-0.0,-0.0,-0.0,-0.0,-0.0,-0.0,-0.0,-0.0,-0.0,-0.0,-0.0,-0.0,-0.0,-0.0,-0.0,-0.0,-0.0,-0.0,-0.0,-0.0,-0.0,-0.0,-0.0,-0.0,-0.0,-0.0,-0.4929483634511885,-0.05895839780743684,-0.4929483633909699,-0.05895839780023444,-0.0,-0.0,-0.0,-0.0,-0.0,-0.0,-0.0,-0.0,-0.0,-0.0,-0.0,-0.0,-0.0,-0.0,-0.0,-0.0,-0.0,-0.0,-0.0,-0.0,-0.0,-0.0,-0.0,-0.0,-0.0,-0.0,-0.0,-0.0,-0.0,-0.0,-0.0,-0.0,-0.0,-0.0,-0.0,-0.0,-0.0004929478705792087,-5.895833885817476e-05,-0.0,-0.0,-0.0,-0.0,-0.0,-0.0,0.492948363454243,0.05895839780780212,-0.4929478704723176,-0.05895833884539015,-0.0,-0.0,-0.0,-0.0,-0.0,-0.0,-0.0,-0.0,-0.0,-0.0,0.0,-0.0,0.5593786008977267,-0.4964616618727072,0.00866489054821087,0.009762998406786124,0.0,-0.0,0.0,-0.0,0.0,-0.0,0.0,-0.0
158.4893192461111,0.0,-499991.2178218017,-2095.473321095197,-0.0,-0.0,-0.0,-0.0,-0.0,-0.0,-0.0,-0.0,-0.0,-0.0,-0.0,-0.0,-0.0,-0.0,-0.0,-0.0,-0.0,-0.0,-0.0,-0.0,-0.0,-0.0,-0.0,-0.0,-0.0,-0.0,-0.0,-0.0,-0.0,-0.0,-0.4999912178218017,-0.002095473321095197,-0.499991217712928,-0.002095473320638911,-0.0,-0.0,-0.0,-0.0,-0.0,-0.0,-0.0,-0.0,-0.0,-0.0,-0.0,-0.0,-0.0,-0.0,-0.0,-0.0,-0.0,-0.0,-0.0,-0.0,-0.0,-0.0,-0.0,-0.0,-0.0,-0.0,-0.0,-0.0,-0.0,-0.0,-0.0,-0.0,-0.0,-0.0,-0.0,-0.0,-0.0004999907178656902,-2.09547122576899e-06,-0.0,-0.0,-0.0,-0.0,-0.0,-0.0,0.4999912177825311,0.002095473320930608,-0.499990717757272,-0.002095471225314557,-0.0,-0.0,-0.0,-0.0,-0.0,-0.0,-0.0,-0.0,-0.0,-0.0,0.0,-0.0,0.5020954916828668,-0.4999956088540191,0.008726569564990454,0.008763219545517415,0.0,-0.0,0.0,-0.0,0.0,-0.0,0.0,-0.0
177.8279410038919,0.0,-493896.4927364236,54904.47035531511,-0.0,-0.0,-0.0,-0.0,-0.0,-0.0,-0.0,-0.0,-0.0,-0.0,-0.0,-0.0,-0.0,-0.0,-0.0,-0.0,-0.0,-0.0,-0.0,-0.0,-0.0,-0.0,-0.0,-0.0,-0.0,-0.0,-0.0,-0.0,-0.0,-0.0,-0.4938964926405727,0.05490447034465984,-0.4938964926405727,0.05490447034465984,-0.0,-0.0,-0.0,-0.0,-0.0,-0.0,-0.0,-0.0,-0.0,-0.0,-0.0,-0.0,-0.0,-0.0,-0.0,-0.0,-0.0,-0.0,-0.0,-0.0,-0.0,-0.0,-0.0,-0.0,-0.0,-0.0,-0.0,-0.0,-0.0,-0.0,-0.0,-0.0,-0.0,-0.0,-0.0,-0.0,-0.0004938959987993774,5.490441544633668e-05,-0.0,-0.0,-0.0,-0.0,-0.0,-0.0,0.4938964926223997,-0.05490447034263973,-0.4938959986922806,0.0549044154344312,-0.0,-0.0,-0.0,-0.0,-0.0,-0.0,-0.0,-0.0,-0.0,-0.0,-0.0,-0.0,0.4447573202138353,-0.4969388758121612,0.008673219515416955,0.007762479665888045,-0.0,-0.0,-0.0,-0.0,-0.0,-0.0,-0.0,-0.0
199.5262314968876,0.0,-475292.8089189061,108365.8169000083,-0.0,-0.0,-0.0,-0.0,-0.0,-0.0,-0.0,-0.0,-0.0,-0.0,-0.0,-0.0,-0.0,-0.0,-0.0,-0.0,-0.0,-0.0,-0.0,-0.0,-0.0,-0.0,-0.0,-0.0,-0.0,-0.0,-0.0,-0.0,-0.0,-0.0,-0.4752928088366967,0.1083658168812646,-0.4752928087544873,0.1083658168625211,-0.0,-0.0,-0.0,-0.0,-0.0,-0.0,-0.0,-0.0,-0.0,-0.0,-0.0,-0.0,-0.0,-0.0,-0.0,-0.0,-0.0,-0.0,-0.0,-0.0,-0.0,-0.0,-0.0,-0.0,-0.0,-0.0,-0.0,-0.0,-0.0,-0.0,-0.0,-0.0,-0.0,-0.0,-0.0,-0.0,-0.0004752923336067986,0.0001083657085297913,-0.0,-0.0,-0.0,-0.0,-0.0,-0.0,0.4752928088289045,-0.108365816879488,-0.4752923335037359,0.1083657085062932,-0.0,-0.0,-0.0,-0.0,-0.0,-0.0,-0.0,-0.0,-0.0,-0.0,-0.0,-0.0,0.3888532700857336,-0.4874899018414386,0.008508303814885633,0.006786769924823397,-0.0,-0.0,-0.0,-0.0,-0.0,-0.0,-0.0,-0.0
223.8721138568335,0.0,-446028.9633577754,155153.6190499008,-0.0,-0.0,-0.0,-0.0,-0.0,-0.0,-0.0,-0.0,-0.0,-0.0,-0.0,-0.0,-0.0,-0.0,-0.0,-0.0,-0.0,-0.0,-0.0,-0.0,-0.0,-0.0,-0.0,-0.0,-0.0,-0.0,-0.0,-0.0,-0.0,-0.0,-0.4460289633577754,0.1551536190499008,-0.4460289632890174,0.1551536190259829,-0.0,-0.0,-0.0,-0.0,-0.0,-0.0,-0.0,-0.0,-0.0,-0.0,-0.0,-0.0,-0.0,-0.0,-0.0,-0.0,-0.0,-0.0,-0.0,-0.0,-0.0,-0.0,-0.0,-0.0,-0.0,-0.0,-0.0,-0.0,-0.0,-0.0,-0.0,-0.0,-0.0,-0.0,-0.0,-0.0,-0.0004460285173950145,0.0001551534639193106,-0.0,-0.0,-0.0,-0.0,-0.0,-0.0,0.4460289633576282,-0.1551536190498495,-0.4460285172982975,0.155153463885667,-0.0,-0.0,-0.0,-0.0,-0.0,-0.0,-0.0,-0.0,-0.0,-0.0,-0.0,-0.0,0.3357273050394795,-0.4722440911888561,0.008242214227738723,0.005859546914697941,-0.0,-0.0,-0.0,-0.0,-0.0,-0.0,-0.0,-0.0
251.1886431509575,0.0,-408799.1658575654,193087.6094834287,-0.0,-0.0,-0.0,-0.0,-0.0,-0.0,-0.0,-0.0,-0.0,-0.0,-0.0,-0.0,-0.0,-0.0,-0.0,-0.0,-0.0,-0.0,-0.0,-0.0,-0.0,-0.0,-0.0,-0.0,-0.0,-0.0,-0.0,-0.0,-0.0,-0.0,-0.4087991658013997,0.1930876094569001,-0.4087991658013997,0.1930876094569001,-0.0,-0.0,-0.0,-0.0,-0.0,-0.0,-0.0,-0.0,-0.0,-0.0,-0.0,-0.0,-0.0,-0.0,-0.0,-0.0,-0.0,-0.0,-0.0,-0.0,-0.0,-0.0,-0.0,-0.0,-0.0,-0.0,-0.0,-0.0,-0.0,-0.0,-0.0,-0.0,-0.0,-0.0,-0.0,-0.0,-0.0004087987570551585,0.0001930874163942883,-0.0,-0.0,-0.0,-0.0,-0.0,-0.0,0.4087991657935127,-0.1930876094531747,-0.4087987569665142,0.1930874163524191,-0.0,-0.0,-0.0,-0.0,-0.0,-0.0,-0.0,-0.0,-0.0,-0.0,-0.0,-0.0,0.2864574583499448,-0.4521057209127844,0.007890733365876649,0.004999625865706181,-0.0,-0.0,-0.0,-0.0,-0.0,-0.0,-0.0,-0.0
281.8382931264447,0.0,-366651.4580055025,221116.3434725011,-0.0,-0.0,-0.0,-0.0,-0.0,-0.0,-0.0,-0.0,-0.0,-0.0,-0.0,-0.0,-0.0,-0.0,-0.0,-0.0,-0.0,-0.0,-0.0,-0.0,-0.0,-0.0,-0.0,-0.0,-0.0,-0.0,-0.0,-0.0,-0.0,-0.0,-0.3666514579606058,0.2211163434454253,-0.3666514579157091,0.2211163434183496,-0.0,-0.0,-0.0,-0.0,-0.0,-0.0,-0.0,-0.0,-0.0,-0.0,-0.0,-0.0,-0.0,-0.0,-0.0,-0.0,-0.0,-0.0,-0.0,-0.0,-0.0,-0.0,-0.0,-0.0,-0.0,-0.0,-0.0,-0.0,-0.0,-0.0,-0.0,-0.0,-0.0,-0.0,-0.0,-0.0,-0.0003666510913636895,0.0002211161223619744,-0.0,-0.0,-0.0,-0.0,-0.0,-0.0,0.3666514579606057,-0.2211163434454254,-0.3666510912841847,0.2211161223140274,-0.0,-0.0,-0.0,-0.0,-0.0,-0.0,-0.0,-0.0,-0.0,-0.0,-0.0,-0.0,0.2417863849194245,-0.4281655392101627,0.00747289837656531,0.004219968551221408,-0.0,-0.0,-0.0,-0.0,-0.0,-0.0,-0.0,-0.0
316.2277660168372,0.0,-322521.0973570553,239250.2673422317,-0.0,-0.0,-0.0,-0.0,-0.0,-0.0,-0.0,-0.0,-0.0,-0.0,-0.0,-0.0,-0.0,-0.0,-0.0,-0.0,-0.0,-0.0,-0.0,-0.0,-0.0,-0.0,-0.0,-0.0,-0.0,-0.0,-0.0,-0.0,-0.0,-0.0,-0.3225210973570553,0.2392502673422317,-0.3225210972866593,0.2392502672900109,-0.0,-0.0,-0.0,-0.0,-0.0,-0.0,-0.0,-0.0,-0.0,-0.0,-0.0,-0.0,-0.0,-0.0,-0.0,-0.0,-0.0,-0.0,-0.0,-0.0,-0.0,-0.0,-0.0,-0.0,-0.0,-0.0,-0.0,-0.0,-0.0,-0.0,-0.0,-0.0,-0.0,-0.0,-0.0,-0.0,-0.0003225207748836439,0.0002392500281273382,-0.0,-0.0,-0.0,-0.0,-0.0,-0.0,0.3225210973567641,-0.2392502673420156,-0.3225207748137082,0.2392500280754592,-0.0,-0.0,-0.0,-0.0,-0.0,-0.0,-0.0,-0.0,-0.0,-0.0,-0.0,-0.0,0.2021083228477521,-0.4015725945166007,0.007008763938228864,0.003527455724250663,-0.0,-0.0,-0.0,-0.0,-0.0,-0.0,-0.0,-0.0
354.8133892335746,0.0,-278891.6397985331,248324.9346557088,-0.0,-0.0,-0.0,-0.0,-0.0,-0.0,-0.0,-0.0,-0.0,-0.0,-0.0,-0.0,-0.0,-0.0,-0.0,-0.0,-0.0,-0.0,-0.0,-0.0,-0.0,-0.0,-0.0,-0.0,-0.0,-0.0,-0.0,-0.0,-0.0,-0.0,-0.2788916397442799,0.2483249346074017,-0.2788916397442799,0.2483249346074017,-0.0,-0.0,-0.0,-0.0,-0.0,-0.0,-0.0,-0.0,-0.0,-0.0,-0.0,-0.0,-0.0,-0.0,-0.0,-0.0,-0.0,-0.0,-0.0,-0.0,-0.0,-0.0,-0.0,-0.0,-0.0,-0.0,-0.0,-0.0,-0.0,-0.0,-0.0,-0.0,-0.0,-0.0,-0.0,-0.0,-0.0002788913608785135,0.0002483246863055047,-0.0,-0.0,-0.0,-0.0,-0.0,-0.0,0.2788916397286664,-0.2483249345934994,-0.2788913608180386,0.2483246862516579,-0.0,-0.0,-0.0,-0.0,-0.0,-0.0,-0.0,-0.0,-0.0,-0.0,-0.0,-0.0,0.167503112598167,-0.3734244499953275,0.006517486141806977,0.002923480863875754,-0.0,-0.0,-0.0,-0.0,-0.0,-0.0,-0.0,-0.0
398.1071705534962,0.0,-237621.9491146982,249693.3796896326,-0.0,-0.0,-0.0,-0.0,-0.0,-0.0,-0.0,-0.0,-0.0,-0.0,-0.0,-0.0,-0.0,-0.0,-0.0,-0.0,-0.0,-0.0,-0.0,-0.0,-0.0,-0.0,-0.0,-0.0,-0.0,-0.0,-0.0,-0.0,-0.0,-0.0,-0.2376219490735001,0.2496933796463416,-0.2376219490735001,0.2496933796463416,-0.0,-0.0,-0.0,-0.0,-0.0,-0.0,-0.0,-0.0,-0.0,-0.0,-0.0,-0.0,-0.0,-0.0,-0.0,-0.0,-0.0,-0.0,-0.0,-0.0,-0.0,-0.0,-0.0,-0.0,-0.0,-0.0,-0.0,-0.0,-0.0,-0.0,-0.0,-0.0,-0.0,-0.0,-0.0,-0.0,-0.000237621711496975,0.0002496931300006935,-0.0,-0.0,-0.0,-0.0,-0.0,-0.0,0.2376219490835763,-0.2496933796569297,-0.237621711445449,0.2496931299465499,-0.0,-0.0,-0.0,-0.0,-0.0,-0.0,-0.0,-0.0,-0.0,-0.0,-0.0,-0.0,0.1377997439876483,-0.3446896785998249,0.00601596977440405,0.002405059279455821,-0.0,-0.0,-0.0,-0.0,-0.0,-0.0,-0.0,-0.0
446.6835921509619,0.0,-199921.3889136433,244932.9147076218,-0.0,-0.0,-0.0,-0.0,-0.0,-0.0,-0.0,-0.0,-0.0,-0.0,-0.0,-0.0,-0.0,-0.0,-0.0,-0.0,-0.0,-0.0,-0.0,-0.0,-0.0,-0.0,-0.0,-0.0,-0.0,-0.0,-0.0,-0.0,-0.0,-0.0,-0.1999213889136433,0.2449329147076218,-0.199921388882751,0.2449329146697742,-0.0,-0.0,-0.0,-0.0,-0.0,-0.0,-0.0,-0.0,-0.0,-0.0,-0.0,-0.0,-0.0,-0.0,-0.0,-0.0,-0.0,-0.0,-0.0,-0.0,-0.0,-0.0,-0.0,-0.0,-0.0,-0.0,-0.0,-0.0,-0.0,-0.0,-0.0,-0.0,-0.0,-0.0,-0.0,-0.0,-0.0001999211890124468,0.0002449326697994458,-0.0,-0.0,-0.0,-0.0,-0.0,-0.0,0.1999213889040962,-0.2449329146959252,-0.1999211889690958,0.2449326697463345,-0.0,-0.0,-0.0,-0.0,-0.0,-0.0,-0.0,-0.0,-0.0,-0.0,-0.0,-0.0,0.1126509254614547,-0.3161656123693168,0.00551813090537588,0.001966129589984278,-0.0,-0.0,-0.0,-0.0,-0.0,-0.0,-0.0,-0.0
501.1872336272709,0.0,-166425.7393875963,235616.9411614318,-0.0,-0.0,-0.0,-0.0,-0.0,-0.0,-0.0,-0.0,-0.0,-0.0,-0.0,-0.0,-0.0,-0.0,-0.0,-0.0,-0.0,-0.0,-0.0,-0.0,-0.0,-0.0,-0.0,-0.0,-0.0,-0.0,-0.0,-0.0,-0.0,-0.0,-0.1664257393646765,0.2356169411289831,-0.1664257393417567,0.2356169410965344,-0.0,-0.0,-0.0,-0.0,-0.0,-0.0,-0.0,-0.0,-0.0,-0.0,-0.0,-0.0,-0.0,-0.0,-0.0,-0.0,-0.0,-0.0,-0.0,-0.0,-0.0,-0.0,-0.0,-0.0,-0.0,-0.0,-0.0,-0.0,-0.0,-0.0,-0.0,-0.0,-0.0,-0.0,-0.0,-0.0,-0.0001664255729728312,0.0002356167055600274,-0.0,-0.0,-0.0,-0.0,-0.0,-0.0,0.1664257393738137,-0.235616941141919,-0.1664255729367434,0.2356167055089362,-0.0,-0.0,-0.0,-0.0,-0.0,-0.0,-0.0,-0.0,-0.0,-0.0,-0.0,-0.0,0.09160419895457211,-0.2884664099699085,0.005034688625626777,0.001598794912566963,-0.0,-0.0,-0.0,-0.0,-0.0,-0.0,-0.0,-0.0
562.3413251903476,0.0,-137322.3344559304,223167.5238281506,-0.0,-0.0,-0.0,-0.0,-0.0,-0.0,-0.0,-0.0,-0.0,-0.0,-0.0,-0.0,-0.0,-0.0,-0.0,-0.0,-0.0,-0.0,-0.0,-0.0,-0.0,-0.0,-0.0,-0.0,-0.0,-0.0,-0.0,-0.0,-0.0,-0.0,-0.1373223344390753,0.2231675238007588,-0.1373223344222202,0.2231675237733669,-0.0,-0.0,-0.0,-0.0,-0.0,-0.0,-0.0,-0.0,-0.0,-0.0,-0.0,-0.0,-0.0,-0.0,-0.0,-0.0,-0.0,-0.0,-0.0,-0.0,-0.0,-0.0,-0.0,-0.0,-0.0,-0.0,-0.0,-0.0,-0.0,-0.0,-0.0,-0.0,-0.0,-0.0,-0.0,-0.0,-0.0001373221971331984,0.0002231673006599807,-0.0,-0.0,-0.0,-0.0,-0.0,-0.0,0.1373223344351052,-0.223167523794307,-0.1373221971034213,0.223167300611589,-0.0,-0.0,-0.0,-0.0,-0.0,-0.0,-0.0,-0.0,-0.0,-0.0,-0.0,-0.0,0.07416102482125915,-0.2620327598080415,0.004573334398880494,0.001294354088982174,-0.0,-0.0,-0.0,-0.0,-0.0,-0.0,-0.0,-0.0
630.9573444801915,0.0,-112484.2440506389,208780.7866404716,-0.0,-0.0,-0.0,-0.0,-0.0,-0.0,-0.0,-0.0,-0.0,-0.0,-0.0,-0.0,-0.0,-0.0,-0.0,-0.0,-0.0,-0.0,-0.0,-0.0,-0.0,-0.0,-0.0,-0.0,-0.0,-0.0,-0.0,-0.0,-0.0,-0.0,-0.1124842440260289,0.2087807865947932,-0.1124842440260289,0.2087807865947932,-0.0,-0.0,-0.0,-0.0,-0.0,-0.0,-0.0,-0.0,-0.0,-0.0,-0.0,-0.0,-0.0,-0.0,-0.0,-0.0,-0.0,-0.0,-0.0,-0.0,-0.0,-0.0,-0.0,-0.0,-0.0,-0.0,-0.0,-0.0,-0.0,-0.0,-0.0,-0.0,-0.0,-0.0,-0.0,-0.0,-0.0001124841315636264,0.0002087805778545465,-0.0,-0.0,-0.0,-0.0,-0.0,-0.0,0.1124842440311377,-0.2087807866042756,-0.1124841315392353,0.2087805778092744,-0.0,-0.0,-0.0,-0.0,-0.0,-0.0,-0.0,-0.0,-0.0,-0.0,-0.0,-0.0,0.0598206297615126,-0.2371542156731088,0.004139121892179576,0.001044066976370204,-0.0,-0.0,-0.0,-0.0,-0.0,-0.0,-0.0,-0.0
707.9457843841359,0.0,-91589.2682469544,193406.4116603615,-0.0,-0.0,-0.0,-0.0,-0.0,-0.0,-0.0,-0.0,-0.0,-0.0,-0.0,-0.0,-0.0,-0.0,-0.0,-0.0,-0.0,-0.0,-0.0,-0.0,-0.0,-0.0,-0.0,-0.0,-0.0,-0.0,-0.0,-0.0,-0.0,-0.0,-0.09158926822909508,0.1934064116226485,-0.09158926822909508,0.1934064116226485,-0.0,-0.0,-0.0,-0.0,-0.0,-0.0,-0.0,-0.0,-0.0,-0.0,-0.0,-0.0,-0.0,-0.0,-0.0,-0.0,-0.0,-0.0,-0.0,-0.0,-0.0,-0.0,-0.0,-0.0,-0.0,-0.0,-0.0,-0.0,-0.0,-0.0,-0.0,-0.0,-0.0,-0.0,-0.0,-0.0,-9.158917665107748e-05,0.0001934062182399944,-0.0,-0.0,-0.0,-0.0,-0.0,-0.0,0.0915892682267212,-0.1934064116176356,-0.09158917663121721,0.1934062181980561,-0.0,-0.0,-0.0,-0.0,-0.0,-0.0,-0.0,-0.0,-0.0,-0.0,-0.0,-0.0,0.04810912170528123,-0.2139968086445914,0.003734948894574461,0.0008396625978273209,-0.0,-0.0,-0.0,-0.0,-0.0,-0.0,-0.0,-0.0
794.3282347242791,0.0,-74213.31103536903,177761.1880767164,-0.0,-0.0,-0.0,-0.0,-0.0,-0.0,-0.0,-0.0,-0.0,-0.0,-0.0,-0.0,-0.0,-0.0,-0.0,-0.0,-0.0,-0.0,-0.0,-0.0,-0.0,-0.0,-0.0,-0.0,-0.0,-0.0,-0.0,-0.0,-0.0,-0.0,-0.07421331102247164,0.1777611880458236,-0.07421331102247164,0.1777611880458236,-0.0,-0.0,-0.0,-0.0,-0.0,-0.0,-0.0,-0.0,-0.0,-0.0,-0.0,-0.0,-0.0,-0.0,-0.0,-0.0,-0.0,-0.0,-0.0,-0.0,-0.0,-0.0,-0.0,-0.0,-0.0,-0.0,-0.0,-0.0,-0.0,-0.0,-0.0,-0.0,-0.0,-0.0,-0.0,-0.0,-7.421323681903268e-05,0.0001777610103082819,-0.0,-0.0,-0.0,-0.0,-0.0,-0.0,0.07421331102130399,-0.1777611880430268,-0.07421323680294023,0.1777610102697361,-0.0,-0.0,-0.0,-0.0,-0.0,-0.0,-0.0,-0.0,-0.0,-0.0,-0.0,-0.0,0.03859633238471193,-0.1926308789057081,0.003362043073906628,0.0006736331007490791,-0.0,-0.0,-0.0,-0.0,-0.0,-0.0,-0.0,-0.0
891.2509381337428,0.0,-59896.89817913513,162360.1265049009,-0.0,-0.0,-0.0,-0.0,-0.0,-0.0,-0.0,-0.0,-0.0,-0.0,-0.0,-0.0,-0.0,-0.0,-0.0,-0.0,-0.0,-0.0,-0.0,-0.0,-0.0,-0.0,-0.0,-0.0,-0.0,-0.0,-0.0,-0.0,-0.0,-0.0,-0.05989689816985778,0.1623601264797531,-0.0598968981605804,0.1623601264546053,-0.0,-0.0,-0.0,-0.0,-0.0,-0.0,-0.0,-0.0,-0.0,-0.0,-0.0,-0.0,-0.0,-0.0,-0.0,-0.0,-0.0,-0.0,-0.0,-0.0,-0.0,-0.0,-0.0,-0.0,-0.0,-0.0,-0.0,-0.0,-0.0,-0.0,-0.0,-0.0,-0.0,-0.0,-0.0,-0.0,-5.989683828439301e-05,0.0001623599641506187,-0.0,-0.0,-0.0,-0.0,-0.0,-0.0,0.05989689817238113,-0.162360126486593,-0.05989683827140494,0.1623599641154124,-0.0,-0.0,-0.0,-0.0,-0.0,-0.0,-0.0,-0.0,-0.0,-0.0,-0.0,-0.0,0.03090347377813684,-0.1730562020964245,0.003020400514396825,0.0005393673869896897,-0.0,-0.0,-0.0,-0.0,-0.0,-0.0,-0.0,-0.0
999.9999999999968,0.0,-48188.41914673953,147553.6710260083,-0.0,-0.0,-0.0,-0.0,-0.0,-0.0,-0.0,-0.0,-0.0,-0.0,-0.0,-0.0,-0.0,-0.0,-0.0,-0.0,-0.0,-0.0,-0.0,-0.0,-0.0,-0.0,-0.0,-0.0,-0.0,-0.0,-0.0,-0.0,-0.0,-0.0,-0.04818841914008738,0.1475536710056392,-0.0481884191334352,0.1475536709852702,-0.0,-0.0,-0.0,-0.0,-0.0,-0.0,-0.0,-0.0,-0.0,-0.0,-0.0,-0.0,-0.0,-0.0,-0.0,-0.0,-0.0,-0.0,-0.0,-0.0,-0.0,-0.0,-0.0,-0.0,-0.0,-0.0,-0.0,-0.0,-0.0,-0.0,-0.0,-0.0,-0.0,-0.0,-0.0,-0.0,-4.818837096153574e-05,0.0001475535234821827,-0.0,-0.0,-0.0,-0.0,-0.0,-0.0,0.04818841914278655,-0.1475536710139042,-0.04818837095108654,0.1475535234501871,-0.0,-0.0,-0.0,-0.0,-0.0,-0.0,-0.0,-0.0,-0.0,-0.0,-0.0,-0.0,0.02470452302982544,-0.1552230961218784,0.00270915409994654,0.0004311752842739162,-0.0,-0.0,-0.0,-0.0,-0.0,-0.0,-0.0,-0.0
1122.01845430196,0.0,-38669.38364400143,133564.1066765116,-0.0,-0.0,-0.0,-0.0,-0.0,-0.0,-0.0,-0.0,-0.0,-0.0,-0.0,-0.0,-0.0,-0.0,-0.0,-0.0,-0.0,-0.0,-0.0,-0.0,-0.0,-0.0,-0.0,-0.0,-0.0,-0.0,-0.0,-0.0,-0.0,-0.0,-0.03866938363924382,0.1335641066600788,-0.03866938363448623,0.1335641066436461,-0.0,-0.0,-0.0,-0.0,-0.0,-0.0,-0.0,-0.0,-0.0,-0.0,-0.0,-0.0,-0.0,-0.0,-0.0,-0.0,-0.0,-0.0,-0.0,-0.0,-0.0,-0.0,-0.0,-0.0,-0.0,-0.0,-0.0,-0.0,-0.0,-0.0,-0.0,-0.0,-0.0,-0.0,-0.0,-0.0,-3.86693449733848e-05,0.0001335639731081462,-0.0,-0.0,-0.0,-0.0,-0.0,-0.0,0.03866938363701612,-0.1335641066523843,-0.03866934496499971,0.1335639730791841,-0.0,-0.0,-0.0,-0.0,-0.0,-0.0,-0.0,-0.0,-0.0,-0.0,-0.0,-0.0,0.01972371682409853,-0.1390492424183559,0.00242686710061395,0.0003442438147774053,-0.0,-0.0,-0.0,-0.0,-0.0,-0.0,-0.0,-0.0
1258.925411794163,0.0,-30966.91515084669,120517.6656870027,-0.0,-0.0,-0.0,-0.0,-0.0,-0.0,-0.0,-0.0,-0.0,-0.0,-0.0,-0.0,-0.0,-0.0,-0.0,-0.0,-0.0,-0.0,-0.0,-0.0,-0.0,-0.0,-0.0,-0.0,-0.0,-0.0,-0.0,-0.0,-0.0,-0.0,-0.03096691514405546,0.1205176656605724,-0.03096691514405546,0.1205176656605724,-0.0,-0.0,-0.0,-0.0,-0.0,-0.0,-0.0,-0.0,-0.0,-0.0,-0.0,-0.0,-0.0,-0.0,-0.0,-0.0,-0.0,-0.0,-0.0,-0.0,-0.0,-0.0,-0.0,-0.0,-0.0,-0.0,-0.0,-0.0,-0.0,-0.0,-0.0,-0.0,-0.0,-0.0,-0.0,-0.0,-3.096688418330713e-05,0.0001205175451669069,-0.0,-0.0,-0.0,-0.0,-0.0,-0.0,0.03096691514561575,-0.1205176656666448,-0.03096688417659225,0.1205175451407739,-0.0,-0.0,-0.0,-0.0,-0.0,-0.0,-0.0,-0.0,-0.0,-0.0,-0.0,-0.0,0.01573091939809888,-0.1244325422536053,0.002171757557384557,0.0002745563517000442,-0.0,-0.0,-0.0,-0.0,-0.0,-0.0,-0.0,-0.0
1412.537544622749,0.0,-24757.83920327602,108471.0514331069,-0.0,-0.0,-0.0,-0.0,-0.0,-0.0,-0.0,-0.0,-0.0,-0.0,-0.0,-0.0,-0.0,-0.0,-0.0,-0.0,-0.0,-0.0,-0.0,-0.0,-0.0,-0.0,-0.0,-0.0,-0.0,-0.0,-0.0,-0.0,-0.0,-0.0,-0.02475783920327602,0.1084710514331069,-0.02475783919843693,0.1084710514119055,-0.0,-0.0,-0.0,-0.0,-0.0,-0.0,-0.0,-0.0,-0.0,-0.0,-0.0,-0.0,-0.0,-0.0,-0.0,-0.0,-0.0,-0.0,-0.0,-0.0,-0.0,-0.0,-0.0,-0.0,-0.0,-0.0,-0.0,-0.0,-0.0,-0.0,-0.0,-0.0,-0.0,-0.0,-0.0,-0.0,-2.475781444806329e-05,0.0001084709429735628,-0.0,-0.0,-0.0,-0.0,-0.0,-0.0,0.02475783920221961,-0.1084710514284785,-0.02475781444269479,0.1084709429500419,-0.0,-0.0,-0.0,-0.0,-0.0,-0.0,-0.0,-0.0,-0.0,-0.0,-0.0,-0.0,0.01253607272050538,-0.1112605932045137,0.001941863677908759,0.0002187957566126685,-0.0,-0.0,-0.0,-0.0,-0.0,-0.0,-0.0,-0.0
1584.893192461108,0.0,-19767.65382707036,97432.37026999555,-0.0,-0.0,-0.0,-0.0,-0.0,-0.0,-0.0,-0.0,-0.0,-0.0,-0.0,-0.0,-0.0,-0.0,-0.0,-0.0,-0.0,-0.0,-0.0,-0.0,-0.0,-0.0,-0.0,-0.0,-0.0,-0.0,-0.0,-0.0,-0.0,-0.0,-0.01976765382362682,0.09743237025302273,-0.01976765382362682,0.09743237025302273,-0.0,-0.0,-0.0,-0.0,-0.0,-0.0,-0.0,-0.0,-0.0,-0.0,-0.0,-0.0,-0.0,-0.0,-0.0,-0.0,-0.0,-0.0,-0.0,-0.0,-0.0,-0.0,-0.0,-0.0,-0.0,-0.0,-0.0,-0.0,-0.0,-0.0,-0.0,-0.0,-0.0,-0.0,-0.0,-0.0,-1.97676340590827e-05,9.743227283597981e-05,-0.0,-0.0,-0.0,-0.0,-0.0,-0.0,0.01976765382379596,-0.0974323702538564,-0.01976763405479627,0.09743227281485256,-0.0,-0.0,-0.0,-0.0,-0.0,-0.0,-0.0,-0.0,-0.0,-0.0,-0.0,-0.0,0.009983497126891708,-0.0994174376615478,0.001735161620124576,0.0001742449067795418,-0.0,-0.0,-0.0,-0.0,-0.0,-0.0,-0.0,-0.0
1778.279410038916,0.0,-15766.68731161595,87377.08639506802,-0.0,-0.0,-0.0,-0.0,-0.0,-0.0,-0.0,-0.0,-0.0,-0.0,-0.0,-0.0,-0.0,-0.0,-0.0,-0.0,-0.0,-0.0,-0.0,-0.0,-0.0,-0.0,-0.0,-0.0,-0.0,-0.0,-0.0,-0.0,-0.0,-0.0,-0.01576668731161596,0.08737708639506803,-0.01576668730916807,0.08737708638150216,-0.0,-0.0,-0.0,-0.0,-0.0,-0.0,-0.0,-0.0,-0.0,-0.0,-0.0,-0.0,-0.0,-0.0,-0.0,-0.0,-0.0,-0.0,-0.0,-0.0,-0.0,-0.0,-0.0,-0.0,-0.0,-0.0,-0.0,-0.0,-0.0,-0.0,-0.0,-0.0,-0.0,-0.0,-0.0,-0.0,-1.576667154608191e-05,8.737699902437291e-05,-0.0,-0.0,-0.0,-0.0,-0.0,-0.0,0.01576668731042382,-0.08737708638846138,-0.01576667154266305,0.087376999005426,-0.0,-0.0,-0.0,-0.0,-0.0,-0.0,-0.0,-0.0,-0.0,-0.0,-0.0,-0.0,0.007946490364410832,-0.08878819546902295,0.001549646347084008,0.0001386924307058527,-0.0,-0.0,-0.0,-0.0,-0.0,-0.0,-0.0,-0.0
1995.262314968872,0.0,-12564.96290139804,78259.84384189814,-0.0,-0.0,-0.0,-0.0,-0.0,-0.0,-0.0,-0.0,-0.0,-0.0,-0.0,-0.0,-0.0,-0.0,-0.0,-0.0,-0.0,-0.0,-0.0,-0.0,-0.0,-0.0,-0.0,-0.0,-0.0,-0.0,-0.0,-0.0,-0.0,-0.0,-0.01256496289965939,0.07825984383106911,-0.01256496289792074,0.07825984382024007,-0.0,-0.0,-0.0,-0.0,-0.0,-0.0,-0.0,-0.0,-0.0,-0.0,-0.0,-0.0,-0.0,-0.0,-0.0,-0.0,-0.0,-0.0,-0.0,-0.0,-0.0,-0.0,-0.0,-0.0,-0.0,-0.0,-0.0,-0.0,-0.0,-0.0,-0.0,-0.0,-0.0,-0.0,-0.0,-0.0,-1.256495033679425e-05,7.825976558429104e-05,-0.0,-0.0,-0.0,-0.0,-0.0,-0.0,0.01256496289988803,-0.07825984383249321,-0.01256495033406966,0.07825976556732114,-0.0,-0.0,-0.0,-0.0,-0.0,-0.0,-0.0,-0.0,-0.0,-0.0,-0.0,-0.0,0.006322454885795618,-0.07926210601222107,0.001383384721389923,0.000110347663374875,-0.0,-0.0,-0.0,-0.0,-0.0,-0.0,-0.0,-0.0
2238.721138568331,0.0,-10006.71234667598,70023.00965866965,-0.0,-0.0,-0.0,-0.0,-0.0,-0.0,-0.0,-0.0,-0.0,-0.0,-0.0,-0.0,-0.0,-0.0,-0.0,-0.0,-0.0,-0.0,-0.0,-0.0,-0.0,-0.0,-0.0,-0.0,-0.0,-0.0,-0.0,-0.0,-0.0,-0.0,-0.0100067123454419,0.0700230096500341,-0.01000671234420783,0.0700230096413985,-0.0,-0.0,-0.0,-0.0,-0.0,-0.0,-0.0,-0.0,-0.0,-0.0,-0.0,-0.0,-0.0,-0.0,-0.0,-0.0,-0.0,-0.0,-0.0,-0.0,-0.0,-0.0,-0.0,-0.0,-0.0,-0.0,-0.0,-0.0,-0.0,-0.0,-0.0,-0.0,-0.0,-0.0,-0.0,-0.0,-1.000670233990628e-05,7.002293963525868e-05,-0.0,-0.0,-0.0,-0.0,-0.0,-0.0,0.01000671234513006,-0.07002300964785195,-0.01000670233773642,0.07002293962007486,-0.0,-0.0,-0.0,-0.0,-0.0,-0.0,-0.0,-0.0,-0.0,-0.0,-0.0,-0.0,0.005028643427338502,-0.07073440585885697,0.001234548276222292,8.776639257614595e-05,-0.0,-0.0,-0.0,-0.0,-0.0,-0.0,-0.0,-0.0
2511.886431509571,0.0,-7965.081404350753,62602.70106602275,-0.0,-0.0,-0.0,-0.0,-0.0,-0.0,-0.0,-0.0,-0.0,-0.0,-0.0,-0.0,-0.0,-0.0,-0.0,-0.0,-0.0,-0.0,-0.0,-0.0,-0.0,-0.0,-0.0,-0.0,-0.0,-0.0,-0.0,-0.0,-0.0,-0.0,-0.007965081402599815,0.062602701052261,-0.007965081402599815,0.062602701052261,-0.0,-0.0,-0.0,-0.0,-0.0,-0.0,-0.0,-0.0,-0.0,-0.0,-0.0,-0.0,-0.0,-0.0,-0.0,-0.0,-0.0,-0.0,-0.0,-0.0,-0.0,-0.0,-0.0,-0.0,-0.0,-0.0,-0.0,-0.0,-0.0,-0.0,-0.0,-0.0,-0.0,-0.0,-0.0,-0.0,-7.965073438987317e-06,6.260263846110502e-05,-0.0,-0.0,-0.0,-0.0,-0.0,-0.0,0.007965081402883862,-0.06260270105449353,-0.007965073437260169,0.06260263844753024,-0.0,-0.0,-0.0,-0.0,-0.0,-0.0,-0.0,-0.0,-0.0,-0.0,-0.0,-0.0,0.003998528935129767,-0.06310737438014477,0.001101431464868927,6.978750216634438e-05,-0.0,-0.0,-0.0,-0.0,-0.0,-0.0,-0.0,-0.0
2818.382931264443,0.0,-6337.30817333396,55932.92958564507,-0.0,-0.0,-0.0,-0.0,-0.0,-0.0,-0.0,-0.0,-0.0,-0.0,-0.0,-0.0,-0.0,-0.0,-0.0,-0.0,-0.0,-0.0,-0.0,-0.0,-0.0,-0.0,-0.0,-0.0,-0.0,-0.0,-0.0,-0.0,-0.0,-0.0,-0.006337308172092351,0.05593292957468664,-0.006337308172092351,0.05593292957468664,-0.0,-0.0,-0.0,-0.0,-0.0,-0.0,-0.0,-0.0,-0.0,-0.0,-0.0,-0.0,-0.0,-0.0,-0.0,-0.0,-0.0,-0.0,-0.0,-0.0,-0.0,-0.0,-0.0,-0.0,-0.0,-0.0,-0.0,-0.0,-0.0,-0.0,-0.0,-0.0,-0.0,-0.0,-0.0,-0.0,-6.337301835882085e-06,5.593287365144717e-05,-0.0,-0.0,-0.0,-0.0,-0.0,-0.0,0.006337308172247542,-0.05593292957605636,-0.0063373018345079,0.05593287363931864,-0.0,-0.0,-0.0,-0.0,-0.0,-0.0,-0.0,-0.0,-0.0,-0.0,-0.0,-0.0,0.003178758592345996,-0.05629079930056134,0.0009824597861020272,5.547980981659615e-05,-0.0,-0.0,-0.0,-0.0,-0.0,-0.0,-0.0,-0.0
3162.277660168367,0.0,-5040.491413730582,49948.36487195738,-0.0,-0.0,-0.0,-0.0,-0.0,-0.0,-0.0,-0.0,-0.0,-0.0,-0.0,-0.0,-0.0,-0.0,-0.0,-0.0,-0.0,-0.0,-0.0,-0.0,-0.0,-0.0,-0.0,-0.0,-0.0,-0.0,-0.0,-0.0,-0.0,-0.0,-0.00504049141285044,0.04994836486323568,-0.00504049141285044,0.04994836486323568,-0.0,-0.0,-0.0,-0.0,-0.0,-0.0,-0.0,-0.0,-0.0,-0.0,-0.0,-0.0,-0.0,-0.0,-0.0,-0.0,-0.0,-0.0,-0.0,-0.0,-0.0,-0.0,-0.0,-0.0,-0.0,-0.0,-0.0,-0.0,-0.0,-0.0,-0.0,-0.0,-0.0,-0.0,-0.0,-0.0,-5.040486373104273e-06,4.994831492225576e-05,-0.0,-0.0,-0.0,-0.0,-0.0,-0.0,0.005040491412845881,-0.04994836486319051,-0.005040486372011291,0.04994831491142496,-0.0,-0.0,-0.0,-0.0,-0.0,-0.0,-0.0,-0.0,-0.0,-0.0,-0.0,-0.0,0.002526629563400345,-0.05020204882514098,0.0008761910430372304,4.409801043673769e-05,-0.0,-0.0,-0.0,-0.0,-0.0,-0.0,-0.0,-0.0
3548.13389233574,0.0,-4007.969097450506,44586.10470139298,-0.0,-0.0,-0.0,-0.0,-0.0,-0.0,-0.0,-0.0,-0.0,-0.0,-0.0,-0.0,-0.0,-0.0,-0.0,-0.0,-0.0,-0.0,-0.0,-0.0,-0.0,-0.0,-0.0,-0.0,-0.0,-0.0,-0.0,-0.0,-0.0,-0.0,-0.004007969096826765,0.04458610469445425,-0.004007969096203022,0.04458610468751553,-0.0,-0.0,-0.0,-0.0,-0.0,-0.0,-0.0,-0.0,-0.0,-0.0,-0.0,-0.0,-0.0,-0.0,-0.0,-0.0,-0.0,-0.0,-0.0,-0.0,-0.0,-0.0,-0.0,-0.0,-0.0,-0.0,-0.0,-0.0,-0.0,-0.0,-0.0,-0.0,-0.0,-0.0,-0.0,-0.0,-4.007965089697296e-06,4.45860601176899e-05,-0.0,-0.0,-0.0,-0.0,-0.0,-0.0,0.004007969097070183,-0.04458610469716212,-0.004007965088828207,0.04458606010802182,-0.0,-0.0,-0.0,-0.0,-0.0,-0.0,-0.0,-0.0,-0.0,-0.0,-0.0,-0.0,0.002008016679541598,-0.04476588598912221,0.0007813121029239226,3.504650746585965e-05,-0.0,-0.0,-0.0,-0.0,-0.0,-0.0,-0.0,-0.0
3981.071705534956,0.0,-3186.27428838077,39786.7415153667,-0.0,-0.0,-0.0,-0.0,-0.0,-0.0,-0.0,-0.0,-0.0,-0.0,-0.0,-0.0,-0.0,-0.0,-0.0,-0.0,-0.0,-0.0,-0.0,-0.0,-0.0,-0.0,-0.0,-0.0,-0.0,-0.0,-0.0,-0.0,-0.0,-0.0,-0.003186274287938829,0.03978674150984823,-0.003186274287496889,0.03978674150432976,-0.0,-0.0,-0.0,-0.0,-0.0,-0.0,-0.0,-0.0,-0.0,-0.0,-0.0,-0.0,-0.0,-0.0,-0.0,-0.0,-0.0,-0.0,-0.0,-0.0,-0.0,-0.0,-0.0,-0.0,-0.0,-0.0,-0.0,-0.0,-0.0,-0.0,-0.0,-0.0,-0.0,-0.0,-0.0,-0.0,-3.186271102163141e-06,3.97867017293327e-05,-0.0,-0.0,-0.0,-0.0,-0.0,-0.0,0.00318627428796345,-0.03978674151015567,-0.003186271101472228,0.03978670172070532,-0.0,-0.0,-0.0,-0.0,-0.0,-0.0,-0.0,-0.0,-0.0,-0.0,-0.0,-0.0,0.001595683349349909,-0.03991412211069215,0.0006966328487548001,2.784993269905569e-05,-0.0,-0.0,-0.0,-0.0,-0.0,-0.0,-0.0,-0.0
4466.835921509612,0.0,-2532.609697218293,35494.93959358277,-0.0,-0.0,-0.0,-0.0,-0.0,-0.0,-0.0,-0.0,-0.0,-0.0,-0.0,-0.0,-0.0,-0.0,-0.0,-0.0,-0.0,-0.0,-0.0,-0.0,-0.0,-0.0,-0.0,-0.0,-0.0,-0.0,-0.0,-0.0,-0.0,-0.0,-0.002532609696905217,0.03549493958919497,-0.002532609696905217,0.03549493958919497,-0.0,-0.0,-0.0,-0.0,-0.0,-0.0,-0.0,-0.0,-0.0,-0.0,-0.0,-0.0,-0.0,-0.0,-0.0,-0.0,-0.0,-0.0,-0.0,-0.0,-0.0,-0.0,-0.0,-0.0,-0.0,-0.0,-0.0,-0.0,-0.0,-0.0,-0.0,-0.0,-0.0,-0.0,-0.0,-0.0,-2.532607164707852e-06,3.549490410003427e-05,-0.0,-0.0,-0.0,-0.0,-0.0,-0.0,0.002532609696940807,-0.03549493958969377,-0.00253260716415868,0.03549490409233755,-0.0,-0.0,-0.0,-0.0,-0.0,-0.0,-0.0,-0.0,-0.0,-0.0,-0.0,-0.0,0.001267912450465762,-0.03558517736894688,0.0006210785099046235,2.212925084022588e-05,-0.0,-0.0,-0.0,-0.0,-0.0,-0.0,-0.0,-0.0
5011.872336272701,0.0,-2012.77300973166,31659.67860747496,-0.0,-0.0,-0.0,-0.0,-0.0,-0.0,-0.0,-0.0,-0.0,-0.0,-0.0,-0.0,-0.0,-0.0,-0.0,-0.0,-0.0,-0.0,-0.0,-0.0,-0.0,-0.0,-0.0,-0.0,-0.0,-0.0,-0.0,-0.0,-0.0,-0.0,-0.00201277300973166,0.03165967860747496,-0.00201277300973166,0.03165967860747496,-0.0,-0.0,-0.0,-0.0,-0.0,-0.0,-0.0,-0.0,-0.0,-0.0,-0.0,-0.0,-0.0,-0.0,-0.0,-0.0,-0.0,-0.0,-0.0,-0.0,-0.0,-0.0,-0.0,-0.0,-0.0,-0.0,-0.0,-0.0,-0.0,-0.0,-0.0,-0.0,-0.0,-0.0,-0.0,-0.0,-2.012770997368565e-06,3.165964695424407e-05,-0.0,-0.0,-0.0,-0.0,-0.0,-0.0,0.002012773009842162,-0.0316596786092131,-0.002012770996932115,0.03165964694737897,-0.0,-0.0,-0.0,-0.0,-0.0,-0.0,-0.0,-0.0,-0.0,-0.0,-0.0,-0.0,0.001007401362436679,-0.03172359539599451,0.0005536811901643242,1.758247418706982e-05,-0.0,-0.0,-0.0,-0.0,-0.0,-0.0,-0.0,-0.0
5623.413251903467,0.0,-1599.465162766918,28234.27514037236,-0.0,-0.0,-0.0,-0.0,-0.0,-0.0,-0.0,-0.0,-0.0,-0.0,-0.0,-0.0,-0.0,-0.0,-0.0,-0.0,-0.0,-0.0,-0.0,-0.0,-0.0,-0.0,-0.0,-0.0,-0.0,-0.0,-0.0,-0.0,-0.0,-0.0,-0.001599465162452806,0.02823427513482755,-0.001599465162138694,0.02823427512928273,-0.0,-0.0,-0.0,-0.0,-0.0,-0.0,-0.0,-0.0,-0.0,-0.0,-0.0,-0.0,-0.0,-0.0,-0.0,-0.0,-0.0,-0.0,-0.0,-0.0,-0.0,-0.0,-0.0,-0.0,-0.0,-0.0,-0.0,-0.0,-0.0,-0.0,-0.0,-0.0,-0.0,-0.0,-0.0,-0.0,-1.599463563140066e-06,2.823424690324303e-05,-0.0,-0.0,-0.0,-0.0,-0.0,-0.0,0.001599465162367298,-0.02823427513331814,-0.001599463562793237,0.02823424689712069,-0.0,-0.0,-0.0,-0.0,-0.0,-0.0,-0.0,-0.0,-0.0,-0.0,-0.0,-0.0,0.0008003731784167546,-0.02827954350986206,0.0004935711451598317,1.396915034883361e-05,-0.0,-0.0,-0.0,-0.0,-0.0,-0.0,-0.0,-0.0
6309.573444801905,0.0,-1270.918727100557,25176.26122288327,-0.0,-0.0,-0.0,-0.0,-0.0,-0.0,-0.0,-0.0,-0.0,-0.0,-0.0,-0.0,-0.0,-0.0,-0.0,-0.0,-0.0,-0.0,-0.0,-0.0,-0.0,-0.0,-0.0,-0.0,-0.0,-0.0,-0.0,-0.0,-0.0,-0.0,-0.00127091872687811,0.0251762612184767,-0.00127091872687811,0.0251762612184767,-0.0,-0.0,-0.0,-0.0,-0.0,-0.0,-0.0,-0.0,-0.0,-0.0,-0.0,-0.0,-0.0,-0.0,-0.0,-0.0,-0.0,-0.0,-0.0,-0.0,-0.0,-0.0,-0.0,-0.0,-0.0,-0.0,-0.0,-0.0,-0.0,-0.0,-0.0,-0.0,-0.0,-0.0,-0.0,-0.0,-1.27091745620616e-06,2.517623604710403e-05,-0.0,-0.0,-0.0,-0.0,-0.0,-0.0,0.00127091872693583,-0.02517626121962011,-0.001270917455930574,0.02517623604164479,-0.0,-0.0,-0.0,-0.0,-0.0,-0.0,-0.0,-0.0,-0.0,-0.0,-0.0,-0.0,0.0006358636861018653,-0.02520831932958347,0.000439968171160961,1.10979177159439e-05,-0.0,-0.0,-0.0,-0.0,-0.0,-0.0,-0.0,-0.0
7079.457843841347,0.0,-1009.790730980268,22447.17550595458,-0.0,-0.0,-0.0,-0.0,-0.0,-0.0,-0.0,-0.0,-0.0,-0.0,-0.0,-0.0,-0.0,-0.0,-0.0,-0.0,-0.0,-0.0,-0.0,-0.0,-0.0,-0.0,-0.0,-0.0,-0.0,-0.0,-0.0,-0.0,-0.0,-0.0,-0.001009790730822746,0.02244717550245294,-0.001009790730665224,0.02244717549895129,-0.0,-0.0,-0.0,-0.0,-0.0,-0.0,-0.0,-0.0,-0.0,-0.0,-0.0,-0.0,-0.0,-0.0,-0.0,-0.0,-0.0,-0.0,-0.0,-0.0,-0.0,-0.0,-0.0,-0.0,-0.0,-0.0,-0.0,-0.0,-0.0,-0.0,-0.0,-0.0,-0.0,-0.0,-0.0,-0.0,-1.009789721195435e-06,2.244715305891017e-05,-0.0,-0.0,-0.0,-0.0,-0.0,-0.0,0.001009790730835953,-0.02244717550274651,-0.001009789720976472,0.02244715305404271,-0.0,-0.0,-0.0,-0.0,-0.0,-0.0,-0.0,-0.0,-0.0,-0.0,-0.0,-0.0,0.0005051505424938344,-0.02246987684393699,0.0003921733334205122,8.816542680135709e-06,-0.0,-0.0,-0.0,-0.0,-0.0,-0.0,-0.0,-0.0
7943.282347242779,0.0,-802.271984552806,20012.30501376869,-0.0,-0.0,-0.0,-0.0,-0.0,-0.0,-0.0,-0.0,-0.0,-0.0,-0.0,-0.0,-0.0,-0.0,-0.0,-0.0,-0.0,-0.0,-0.0,-0.0,-0.0,-0.0,-0.0,-0.0,-0.0,-0.0,-0.0,-0.0,-0.0,-0.0,-0.0008022719844412657,0.02001230501098637,-0.0008022719844412657,0.02001230501098637,-0.0,-0.0,-0.0,-0.0,-0.0,-0.0,-0.0,-0.0,-0.0,-0.0,-0.0,-0.0,-0.0,-0.0,-0.0,-0.0,-0.0,-0.0,-0.0,-0.0,-0.0,-0.0,-0.0,-0.0,-0.0,-0.0,-0.0,-0.0,-0.0,-0.0,-0.0,-0.0,-0.0,-0.0,-0.0,-0.0,-8.022711822760002e-07,2.001228500134342e-05,-0.0,-0.0,-0.0,-0.0,-0.0,-0.0,0.0008022719844286416,-0.02001230501067147,-0.0008022711821020354,0.02001228499700394,-0.0,-0.0,-0.0,-0.0,-0.0,-0.0,-0.0,-0.0,-0.0,-0.0,-0.0,-0.0,0.0004012970315260209,-0.02002837966949638,0.0003495611690564099,7.003956702781566e-06,-0.0,-0.0,-0.0,-0.0,-0.0,-0.0,-0.0,-0.0
8912.509381337413,0.0,-637.3724966051618,17840.40371262092,-0.0,-0.0,-0.0,-0.0,-0.0,-0.0,-0.0,-0.0,-0.0,-0.0,-0.0,-0.0,-0.0,-0.0,-0.0,-0.0,-0.0,-0.0,-0.0,-0.0,-0.0,-0.0,-0.0,-0.0,-0.0,-0.0,-0.0,-0.0,-0.0,-0.0,-0.0006373724965261842,0.01784040371041029,-0.0006373724964472067,0.01784040370819967,-0.0,-0.0,-0.0,-0.0,-0.0,-0.0,-0.0,-0.0,-0.0,-0.0,-0.0,-0.0,-0.0,-0.0,-0.0,-0.0,-0.0,-0.0,-0.0,-0.0,-0.0,-0.0,-0.0,-0.0,-0.0,-0.0,-0.0,-0.0,-0.0,-0.0,-0.0,-0.0,-0.0,-0.0,-0.0,-0.0,-6.373718592161182e-07,1.784038587175405e-05,-0.0,-0.0,-0.0,-0.0,-0.0,-0.0,0.0006373724964938015,-0.01784040370950388,-0.00063737185907791,0.01784038586788552,-0.0,-0.0,-0.0,-0.0,-0.0,-0.0,-0.0,-0.0,-0.0,-0.0,-0.0,-0.0,0.0003187878739588092,-0.01785178557523029,0.0003115724356380379,5.563899998417972e-06,-0.0,-0.0,-0.0,-0.0,-0.0,-0.0,-0.0,-0.0
9999.999999999953,0.0,-506.3493661041925,15903.40508680038,-0.0,-0.0,-0.0,-0.0,-0.0,-0.0,-0.0,-0.0,-0.0,-0.0,-0.0,-0.0,-0.0,-0.0,-0.0,-0.0,-0.0,-0.0,-0.0,-0.0,-0.0,-0.0,-0.0,-0.0,-0.0,-0.0,-0.0,-0.0,-0.0,-0.0,-0.0005063493661041925,0.01590340508680038,-0.0005063493659923541,0.01590340508328776,-0.0,-0.0,-0.0,-0.0,-0.0,-0.0,-0.0,-0.0,-0.0,-0.0,-0.0,-0.0,-0.0,-0.0,-0.0,-0.0,-0.0,-0.0,-0.0,-0.0,-0.0,-0.0,-0.0,-0.0,-0.0,-0.0,-0.0,-0.0,-0.0,-0.0,-0.0,-0.0,-0.0,-0.0,-0.0,-0.0,-5.06348859816571e-07,1.590338918533457e-05,-0.0,-0.0,-0.0,-0.0,-0.0,-0.0,0.0005063493660906145,-0.01590340508637392,-0.0005063488597067742,0.01590338918188607,-0.0,-0.0,-0.0,-0.0,-0.0,-0.0,-0.0,-0.0,-0.0,-0.0,-0.0,-0.0,0.0002532388129443292,-0.01591146388699401,0.0002777074336349513,4.419852846611543e-06,-0.0,-0.0,-0.0,-0.0,-0.0,-0.0,-0.0,-0.0
11220.18454301958,0.0,-402.2494986474487,14176.13997752769,-0.0,-0.0,-0.0,-0.0,-0.0,-0.0,-0.0,-0.0,-0.0,-0.0,-0.0,-0.0,-0.0,-0.0,-0.0,-0.0,-0.0,-0.0,-0.0,-0.0,-0.0,-0.0,-0.0,-0.0,-0.0,-0.0,-0.0,-0.0,-0.0,-0.0,-0.0004022494986474487,0.0141761399775277,-0.000402249498568265,0.01417613997473709,-0.0,-0.0,-0.0,-0.0,-0.0,-0.0,-0.0,-0.0,-0.0,-0.0,-0.0,-0.0,-0.0,-0.0,-0.0,-0.0,-0.0,-0.0,-0.0,-0.0,-0.0,-0.0,-0.0,-0.0,-0.0,-0.0,-0.0,-0.0,-0.0,-0.0,-0.0,-0.0,-0.0,-0.0,-0.0,-0.0,-4.022490964247153e-07,1.417612580233099e-05,-0.0,-0.0,-0.0,-0.0,-0.0,-0.0,0.0004022494986143768,-0.01417613997636217,-0.0004022490963374915,0.01417612579925703,-0.0,-0.0,-0.0,-0.0,-0.0,-0.0,-0.0,-0.0,-0.0,-0.0,-0.0,-0.0,0.0002011652167537166,-0.01418184576466462,0.0002475199026014394,3.510996947630423e-06,-0.0,-0.0,-0.0,-0.0,-0.0,-0.0,-0.0,-0.0
12589.25411794161,0.0,-319.5445753099006,12636.06659200191,-0.0,-0.0,-0.0,-0.0,-0.0,-0.0,-0.0,-0.0,-0.0,-0.0,-0.0,-0.0,-0.0,-0.0,-0.0,-0.0,-0.0,-0.0,-0.0,-0.0,-0.0,-0.0,-0.0,-0.0,-0.0,-0.0,-0.0,-0.0,-0.0,-0.0,-0.0003195445753099006,0.01263606659200191,-0.0003195445752538382,0.01263606658978498,-0.0,-0.0,-0.0,-0.0,-0.0,-0.0,-0.0,-0.0,-0.0,-0.0,-0.0,-0.0,-0.0,-0.0,-0.0,-0.0,-0.0,-0.0,-0.0,-0.0,-0.0,-0.0,-0.0,-0.0,-0.0,-0.0,-0.0,-0.0,-0.0,-0.0,-0.0,-0.0,-0.0,-0.0,-0.0,-0.0,-3.195442557869129e-07,1.263605395678898e-05,-0.0,-0.0,-0.0,-0.0,-0.0,-0.0,0.0003195445752839539,-0.01263606659097588,-0.0003195442557176227,0.01263605395404897,-0.0,-0.0,-0.0,-0.0,-0.0,-0.0,-0.0,-0.0,-0.0,-0.0,-0.0,-0.0,0.0001597978229878737,-0.01264010631405037,0.0002206114729827112,2.788999552220626e-06,-0.0,-0.0,-0.0,-0.0,-0.0,-0.0,-0.0,-0.0
14125.37544622747,0.0,-253.8399635253206,11263.016782555,-0.0,-0.0,-0.0,-0.0,-0.0,-0.0,-0.0,-0.0,-0.0,-0.0,-0.0,-0.0,-0.0,-0.0,-0.0,-0.0,-0.0,-0.0,-0.0,-0.0,-0.0,-0.0,-0.0,-0.0,-0.0,-0.0,-0.0,-0.0,-0.0,-0.0,-0.0002538399634856288,0.01126301678079386,-0.000253839963445937,0.01126301677903271,-0.0,-0.0,-0.0,-0.0,-0.0,-0.0,-0.0,-0.0,-0.0,-0.0,-0.0,-0.0,-0.0,-0.0,-0.0,-0.0,-0.0,-0.0,-0.0,-0.0,-0.0,-0.0,-0.0,-0.0,-0.0,-0.0,-0.0,-0.0,-0.0,-0.0,-0.0,-0.0,-0.0,-0.0,-0.0,-0.0,-2.53839709682517e-07,1.126300551941221e-05,-0.0,-0.0,-0.0,-0.0,-0.0,-0.0,0.0002538399634847202,-0.01126301678075354,-0.0002538397096274743,0.01126300551696993,-0.0,-0.0,-0.0,-0.0,-0.0,-0.0,-0.0,-0.0,-0.0,-0.0,-0.0,-0.0,0.0001269360945157733,-0.01126587687369429,0.0001966266445723338,2.21545403986881e-06,-0.0,-0.0,-0.0,-0.0,-0.0,-0.0,-0.0,-0.0
15848.93192461106,0.0,-201.642778645142,10038.96057982404,-0.0,-0.0,-0.0,-0.0,-0.0,-0.0,-0.0,-0.0,-0.0,-0.0,-0.0,-0.0,-0.0,-0.0,-0.0,-0.0,-0.0,-0.0,-0.0,-0.0,-0.0,-0.0,-0.0,-0.0,-0.0,-0.0,-0.0,-0.0,-0.0,-0.0,-0.0002016427786170409,0.010038960578425,-0.0002016427785889398,0.01003896057702596,-0.0,-0.0,-0.0,-0.0,-0.0,-0.0,-0.0,-0.0,-0.0,-0.0,-0.0,-0.0,-0.0,-0.0,-0.0,-0.0,-0.0,-0.0,-0.0,-0.0,-0.0,-0.0,-0.0,-0.0,-0.0,-0.0,-0.0,-0.0,-0.0,-0.0,-0.0,-0.0,-0.0,-0.0,-0.0,-0.0,-2.016425769919324e-07,1.003895054034414e-05,-0.0,-0.0,-0.0,-0.0,-0.0,-0.0,0.0002016427786047154,-0.01003896057781136,-0.0002016425769482081,0.01003895053816729,-0.0,-0.0,-0.0,-0.0,-0.0,-0.0,-0.0,-0.0,-0.0,-0.0,-0.0,-0.0,0.000100831556306155,-0.01004098547430046,0.00017524825667469,1.759843762370559e-06,-0.0,-0.0,-0.0,-0.0,-0.0,-0.0,-0.0,-0.0
17782.79410038914,0.0,-160.1771958919933,8947.789738843127,-0.0,-0.0,-0.0,-0.0,-0.0,-0.0,-0.0,-0.0,-0.0,-0.0,-0.0,-0.0,-0.0,-0.0,-0.0,-0.0,-0.0,-0.0,-0.0,-0.0,-0.0,-0.0,-0.0,-0.0,-0.0,-0.0,-0.0,-0.0,-0.0,-0.0,-0.0001601771958720985,0.008947789737731764,-0.0001601771958720985,0.008947789737731764,-0.0,-0.0,-0.0,-0.0,-0.0,-0.0,-0.0,-0.0,-0.0,-0.0,-0.0,-0.0,-0.0,-0.0,-0.0,-0.0,-0.0,-0.0,-0.0,-0.0,-0.0,-0.0,-0.0,-0.0,-0.0,-0.0,-0.0,-0.0,-0.0,-0.0,-0.0,-0.0,-0.0,-0.0,-0.0,-0.0,-1.601770357265134e-07,8.947780791707863e-06,-0.0,-0.0,-0.0,-0.0,-0.0,-0.0,0.000160177195879882,-0.008947789738166562,-0.0001601770356917805,0.008947780789767622,-0.0,-0.0,-0.0,-0.0,-0.0,-0.0,-0.0,-0.0,-0.0,-0.0,-0.0,-0.0,8.009501315190693e-05,-0.008949223314577972,0.000156193412339583,1.397922687607316e-06,-0.0,-0.0,-0.0,-0.0,-0.0,-0.0,-0.0,-0.0
19952.62314968869,0.0,-127.2374612609436,7975.120140719682,-0.0,-0.0,-0.0,-0.0,-0.0,-0.0,-0.0,-0.0,-0.0,-0.0,-0.0,-0.0,-0.0,-0.0,-0.0,-0.0,-0.0,-0.0,-0.0,-0.0,-0.0,-0.0,-0.0,-0.0,-0.0,-0.0,-0.0,-0.0,-0.0,-0.0,-0.0001272374612609436,0.007975120140719683,-0.0001272374612327737,0.00797512013895402,-0.0,-0.0,-0.0,-0.0,-0.0,-0.0,-0.0,-0.0,-0.0,-0.0,-0.0,-0.0,-0.0,-0.0,-0.0,-0.0,-0.0,-0.0,-0.0,-0.0,-0.0,-0.0,-0.0,-0.0,-0.0,-0.0,-0.0,-0.0,-0.0,-0.0,-0.0,-0.0,-0.0,-0.0,-0.0,-0.0,-1.2723733403064e-07,7.975112166048174e-06,-0.0,-0.0,-0.0,-0.0,-0.0,-0.0,0.0001272374612491739,-0.00797512013998196,-0.0001272373340030498,0.007975112164318846,-0.0,-0.0,-0.0,-0.0,-0.0,-0.0,-0.0,-0.0,-0.0,-0.0,-0.0,-0.0,6.362277848319134e-05,-0.007976135067814197,0.0001392098185215277,1.110427849418924e-06,-0.0,-0.0,-0.0,-0.0,-0.0,-0.0,-0.0,-0.0
22387.21138568328,0.0,-101.0709531001936,7108.112352755787,-0.0,-0.0,-0.0,-0.0,-0.0,-0.0,-0.0,-0.0,-0.0,-0.0,-0.0,-0.0,-0.0,-0.0,-0.0,-0.0,-0.0,-0.0,-0.0,-0.0,-0.0,-0.0,-0.0,-0.0,-0.0,-0.0,-0.0,-0.0,-0.0,-0.0,-0.0001010709530802503,0.007108112351353216,-0.0001010709530802503,0.007108112351353216,-0.0,-0.0,-0.0,-0.0,-0.0,-0.0,-0.0,-0.0,-0.0,-0.0,-0.0,-0.0,-0.0,-0.0,-0.0,-0.0,-0.0,-0.0,-0.0,-0.0,-0.0,-0.0,-0.0,-0.0,-0.0,-0.0,-0.0,-0.0,-0.0,-0.0,-0.0,-0.0,-0.0,-0.0,-0.0,-0.0,-1.010708520211823e-07,7.108105244076721e-06,-0.0,-0.0,-0.0,-0.0,-0.0,-0.0,0.0001010709530771005,-0.007108112351131694,-0.0001010708519992661,0.007108105242535393,-0.0,-0.0,-0.0,-0.0,-0.0,-0.0,-0.0,-0.0,-0.0,-0.0,-0.0,-0.0,5.053803063161655e-05,-0.007108830883831662,0.0001240725048949172,8.820558213067944e-07,-0.0,-0.0,-0.0,-0.0,-0.0,-0.0,-0.0,-0.0
25118.86431509566,0.0,-80.28518074298982,6335.309357847179,-0.0,-0.0,-0.0,-0.0,-0.0,-0.0,-0.0,-0.0,-0.0,-0.0,-0.0,-0.0,-0.0,-0.0,-0.0,-0.0,-0.0,-0.0,-0.0,-0.0,-0.0,-0.0,-0.0,-0.0,-0.0,-0.0,-0.0,-0.0,-0.0,-0.0,-8.028518074298982e-05,0.00633530935784718,-8.028518072887076e-05,0.006335309356733042,-0.0,-0.0,-0.0,-0.0,-0.0,-0.0,-0.0,-0.0,-0.0,-0.0,-0.0,-0.0,-0.0,-0.0,-0.0,-0.0,-0.0,-0.0,-0.0,-0.0,-0.0,-0.0,-0.0,-0.0,-0.0,-0.0,-0.0,-0.0,-0.0,-0.0,-0.0,-0.0,-0.0,-0.0,-0.0,-0.0,-8.028510046555545e-08,6.335303023149089e-06,-0.0,-0.0,-0.0,-0.0,-0.0,-0.0,8.028518073879327e-05,-0.006335309357516029,-8.028510044814638e-05,0.006335303021775338,-0.0,-0.0,-0.0,-0.0,-0.0,-0.0,-0.0,-0.0,-0.0,-0.0,-0.0,-0.0,4.014420192676292e-05,-0.006335818050300375,0.0001105808857896695,7.006492026822124e-07,-0.0,-0.0,-0.0,-0.0,-0.0,-0.0,-0.0,-0.0
28183.82931264438,0.0,-63.77383899094059,5646.490271991412,-0.0,-0.0,-0.0,-0.0,-0.0,-0.0,-0.0,-0.0,-0.0,-0.0,-0.0,-0.0,-0.0,-0.0,-0.0,-0.0,-0.0,-0.0,-0.0,-0.0,-0.0,-0.0,-0.0,-0.0,-0.0,-0.0,-0.0,-0.0,-0.0,-0.0,-6.377383899094059e-05,0.005646490271991412,-6.377383898094491e-05,0.005646490271106402,-0.0,-0.0,-0.0,-0.0,-0.0,-0.0,-0.0,-0.0,-0.0,-0.0,-0.0,-0.0,-0.0,-0.0,-0.0,-0.0,-0.0,-0.0,-0.0,-0.0,-0.0,-0.0,-0.0,-0.0,-0.0,-0.0,-0.0,-0.0,-0.0,-0.0,-0.0,-0.0,-0.0,-0.0,-0.0,-0.0,-6.377377522315217e-08,5.646484626036852e-06,-0.0,-0.0,-0.0,-0.0,-0.0,-0.0,6.377383898750438e-05,-0.005646490271687171,-6.377377520932342e-05,0.005646484624812464,-0.0,-0.0,-0.0,-0.0,-0.0,-0.0,-0.0,-0.0,-0.0,-0.0,-0.0,-0.0,3.188793633456784e-05,-0.005646850404558354,9.855613193168474e-05,5.565501076766601e-07,-0.0,-0.0,-0.0,-0.0,-0.0,-0.0,-0.0,-0.0
31622.77660168361,0.0,-50.65802542377617,5032.538770509127,-0.0,-0.0,-0.0,-0.0,-0.0,-0.0,-0.0,-0.0,-0.0,-0.0,-0.0,-0.0,-0.0,-0.0,-0.0,-0.0,-0.0,-0.0,-0.0,-0.0,-0.0,-0.0,-0.0,-0.0,-0.0,-0.0,-0.0,-0.0,-0.0,-0.0,-5.065802541669968e-05,0.005032538769806125,-5.065802541669968e-05,0.005032538769806125,-0.0,-0.0,-0.0,-0.0,-0.0,-0.0,-0.0,-0.0,-0.0,-0.0,-0.0,-0.0,-0.0,-0.0,-0.0,-0.0,-0.0,-0.0,-0.0,-0.0,-0.0,-0.0,-0.0,-0.0,-0.0,-0.0,-0.0,-0.0,-0.0,-0.0,-0.0,-0.0,-0.0,-0.0,-0.0,-0.0,-5.065797476793319e-08,5.032533738187166e-06,-0.0,-0.0,-0.0,-0.0,-0.0,-0.0,5.06580254184229e-05,-0.005032538769977314,-5.065797475694848e-05,0.005032533737095909,-0.0,-0.0,-0.0,-0.0,-0.0,-0.0,-0.0,-0.0,-0.0,-0.0,-0.0,-0.0,2.532965430086214e-05,-0.005032793727880306,8.783882112964495e-05,4.420864247307032e-07,-0.0,-0.0,-0.0,-0.0,-0.0,-0.0,-0.0,-0.0
35481.33892335734,0.0,-40.23951917238523,4485.325001375069,-0.0,-0.0,-0.0,-0.0,-0.0,-0.0,-0.0,-0.0,-0.0,-0.0,-0.0,-0.0,-0.0,-0.0,-0.0,-0.0,-0.0,-0.0,-0.0,-0.0,-0.0,-0.0,-0.0,-0.0,-0.0,-0.0,-0.0,-0.0,-0.0,-0.0,-4.02395191673754e-05,0.004485325000816645,-4.023951916236557e-05,0.004485325000258221,-0.0,-0.0,-0.0,-0.0,-0.0,-0.0,-0.0,-0.0,-0.0,-0.0,-0.0,-0.0,-0.0,-0.0,-0.0,-0.0,-0.0,-0.0,-0.0,-0.0,-0.0,-0.0,-0.0,-0.0,-0.0,-0.0,-0.0,-0.0,-0.0,-0.0,-0.0,-0.0,-0.0,-0.0,-0.0,-0.0,-4.023947893378102e-08,4.485320516152054e-06,-0.0,-0.0,-0.0,-0.0,-0.0,-0.0,4.023951916731429e-05,-0.004485325000809834,-4.023947892505546e-05,0.004485320515179454,-0.0,-0.0,-0.0,-0.0,-0.0,-0.0,-0.0,-0.0,-0.0,-0.0,-0.0,-0.0,2.012016440488228e-05,-0.004485505499072695,7.828683957933657e-05,3.511636129277984e-07,-0.0,-0.0,-0.0,-0.0,-0.0,-0.0,-0.0,-0.0
39810.71705534949,0.0,-31.96365077337146,3997.599744053562,-0.0,-0.0,-0.0,-0.0,-0.0,-0.0,-0.0,-0.0,-0.0,-0.0,-0.0,-0.0,-0.0,-0.0,-0.0,-0.0,-0.0,-0.0,-0.0,-0.0,-0.0,-0.0,-0.0,-0.0,-0.0,-0.0,-0.0,-0.0,-0.0,-0.0,-3.196365076627802e-05,0.003997599743166406,-3.196365076627802e-05,0.003997599743166406,-0.0,-0.0,-0.0,-0.0,-0.0,-0.0,-0.0,-0.0,-0.0,-0.0,-0.0,-0.0,-0.0,-0.0,-0.0,-0.0,-0.0,-0.0,-0.0,-0.0,-0.0,-0.0,-0.0,-0.0,-0.0,-0.0,-0.0,-0.0,-0.0,-0.0,-0.0,-0.0,-0.0,-0.0,-0.0,-0.0,-3.196361880762899e-08,3.997595746192216e-06,-0.0,-0.0,-0.0,-0.0,-0.0,-0.0,3.196365076652496e-05,-0.00399759974319729,-3.196361880069798e-05,0.003997595745325376,-0.0,-0.0,-0.0,-0.0,-0.0,-0.0,-0.0,-0.0,-0.0,-0.0,-0.0,-0.0,1.598208081033587e-05,-0.003997727527247705,6.977350795204944e-05,2.789403753200265e-07,-0.0,-0.0,-0.0,-0.0,-0.0,-0.0,-0.0,-0.0
44668.35921509604,0.0,-25.3897972100778,3562.899656883461,-0.0,-0.0,-0.0,-0.0,-0.0,-0.0,-0.0,-0.0,-0.0,-0.0,-0.0,-0.0,-0.0,-0.0,-0.0,-0.0,-0.0,-0.0,-0.0,-0.0,-0.0,-0.0,-0.0,-0.0,-0.0,-0.0,-0.0,-0.0,-0.0,-0.0,-2.5389797205056e-05,0.003562899656178762,-2.5389797205056e-05,0.003562899656178762,-0.0,-0.0,-0.0,-0.0,-0.0,-0.0,-0.0,-0.0,-0.0,-0.0,-0.0,-0.0,-0.0,-0.0,-0.0,-0.0,-0.0,-0.0,-0.0,-0.0,-0.0,-0.0,-0.0,-0.0,-0.0,-0.0,-0.0,-0.0,-0.0,-0.0,-0.0,-0.0,-0.0,-0.0,-0.0,-0.0,-2.538977181813699e-08,3.562896093682998e-06,-0.0,-0.0,-0.0,-0.0,-0.0,-0.0,2.538979720415731e-05,-0.00356289965605265,-2.538977181263146e-05,0.003562896092910417,-0.0,-0.0,-0.0,-0.0,-0.0,-0.0,-0.0,-0.0,-0.0,-0.0,-0.0,-0.0,1.269505976675328e-05,-0.003562990120834806,6.218590882830435e-05,2.215709872569028e-07,-0.0,-0.0,-0.0,-0.0,-0.0,-0.0,-0.0,-0.0
50118.72336272692,0.0,-20.16793811486594,3175.462535266859,-0.0,-0.0,-0.0,-0.0,-0.0,-0.0,-0.0,-0.0,-0.0,-0.0,-0.0,-0.0,-0.0,-0.0,-0.0,-0.0,-0.0,-0.0,-0.0,-0.0,-0.0,-0.0,-0.0,-0.0,-0.0,-0.0,-0.0,-0.0,-0.0,-0.0,-2.016793811131076e-05,0.003175462534707091,-2.016793811131076e-05,0.003175462534707091,-0.0,-0.0,-0.0,-0.0,-0.0,-0.0,-0.0,-0.0,-0.0,-0.0,-0.0,-0.0,-0.0,-0.0,-0.0,-0.0,-0.0,-0.0,-0.0,-0.0,-0.0,-0.0,-0.0,-0.0,-0.0,-0.0,-0.0,-0.0,-0.0,-0.0,-0.0,-0.0,-0.0,-0.0,-0.0,-0.0,-2.016791794570235e-08,3.175459359611371e-06,-0.0,-0.0,-0.0,-0.0,-0.0,-0.0,2.016793811064035e-05,-0.003175462534601535,-2.016791794132913e-05,0.003175459358922802,-0.0,-0.0,-0.0,-0.0,-0.0,-0.0,-0.0,-0.0,-0.0,-0.0,-0.0,-0.0,1.008407074390791e-05,-0.003175526579103939,5.542339429339583e-05,1.760005890539783e-07,-0.0,-0.0,-0.0,-0.0,-0.0,-0.0,-0.0,-0.0
56234.13251903455,0.0,-16.02002913148611,2830.151572803022,-0.0,-0.0,-0.0,-0.0,-0.0,-0.0,-0.0,-0.0,-0.0,-0.0,-0.0,-0.0,-0.0,-0.0,-0.0,-0.0,-0.0,-0.0,-0.0,-0.0,-0.0,-0.0,-0.0,-0.0,-0.0,-0.0,-0.0,-0.0,-0.0,-0.0,-1.602002912896922e-05,0.002830151572358381,-1.602002912896922e-05,0.002830151572358381,-0.0,-0.0,-0.0,-0.0,-0.0,-0.0,-0.0,-0.0,-0.0,-0.0,-0.0,-0.0,-0.0,-0.0,-0.0,-0.0,-0.0,-0.0,-0.0,-0.0,-0.0,-0.0,-0.0,-0.0,-0.0,-0.0,-0.0,-0.0,-0.0,-0.0,-0.0,-0.0,-0.0,-0.0,-0.0,-0.0,-1.602001311109593e-08,2.830148742587666e-06,-0.0,-0.0,-0.0,-0.0,-0.0,-0.0,1.602002912874198e-05,-0.002830151572318234,-1.602001310762214e-05,0.002830148741973974,-0.0,-0.0,-0.0,-0.0,-0.0,-0.0,-0.0,-0.0,-0.0,-0.0,-0.0,-0.0,8.010078725815558e-06,-0.002830196912547854,4.939625460691243e-05,1.398025613359123e-07,-0.0,-0.0,-0.0,-0.0,-0.0,-0.0,-0.0,-0.0
63095.73444801892,0.0,-12.72520338743166,2522.38771066759,-0.0,-0.0,-0.0,-0.0,-0.0,-0.0,-0.0,-0.0,-0.0,-0.0,-0.0,-0.0,-0.0,-0.0,-0.0,-0.0,-0.0,-0.0,-0.0,-0.0,-0.0,-0.0,-0.0,-0.0,-0.0,-0.0,-0.0,-0.0,-0.0,-0.0,-1.272520338564983e-05,0.002522387710314396,-1.272520338386801e-05,0.002522387709961204,-0.0,-0.0,-0.0,-0.0,-0.0,-0.0,-0.0,-0.0,-0.0,-0.0,-0.0,-0.0,-0.0,-0.0,-0.0,-0.0,-0.0,-0.0,-0.0,-0.0,-0.0,-0.0,-0.0,-0.0,-0.0,-0.0,-0.0,-0.0,-0.0,-0.0,-0.0,-0.0,-0.0,-0.0,-0.0,-0.0,-1.272519066291731e-08,2.52238518841646e-06,-0.0,-0.0,-0.0,-0.0,-0.0,-0.0,1.272520338622774e-05,-0.002522387710428949,-1.272519066015797e-05,0.002522385187869504,-0.0,-0.0,-0.0,-0.0,-0.0,-0.0,-0.0,-0.0,-0.0,-0.0,-0.0,-0.0,6.362642176395563e-06,-0.002522419808964531,4.402453078687281e-05,1.110493351583511e-07,-0.0,-0.0,-0.0,-0.0,-0.0,-0.0,-0.0,-0.0
70794.57843841333,0.0,-10.1080147984184,2248.089239185644,-0.0,-0.0,-0.0,-0.0,-0.0,-0.0,-0.0,-0.0,-0.0,-0.0,-0.0,-0.0,-0.0,-0.0,-0.0,-0.0,-0.0,-0.0,-0.0,-0.0,-0.0,-0.0,-0.0,-0.0,-0.0,-0.0,-0.0,-0.0,-0.0,-0.0,-1.010801479715697e-05,0.002248089238905092,-1.010801479589553e-05,0.00224808923862454,-0.0,-0.0,-0.0,-0.0,-0.0,-0.0,-0.0,-0.0,-0.0,-0.0,-0.0,-0.0,-0.0,-0.0,-0.0,-0.0,-0.0,-0.0,-0.0,-0.0,-0.0,-0.0,-0.0,-0.0,-0.0,-0.0,-0.0,-0.0,-0.0,-0.0,-0.0,-0.0,-0.0,-0.0,-0.0,-0.0,-1.010800469077798e-08,2.248086991179667e-06,-0.0,-0.0,-0.0,-0.0,-0.0,-0.0,1.010801479728914e-05,-0.002248089238934488,-1.010800468858615e-05,0.002248086990692191,-0.0,-0.0,-0.0,-0.0,-0.0,-0.0,-0.0,-0.0,-0.0,-0.0,-0.0,-0.0,5.054032941946155e-06,-0.002248111963021726,3.923695571086891e-05,8.820976493903888e-08,-0.0,-0.0,-0.0,-0.0,-0.0,-0.0,-0.0,-0.0
79432.82347242763,0.0,-8.029098243328699,2003.617891533155,-0.0,-0.0,-0.0,-0.0,-0.0,-0.0,-0.0,-0.0,-0.0,-0.0,-0.0,-0.0,-0.0,-0.0,-0.0,-0.0,-0.0,-0.0,-0.0,-0.0,-0.0,-0.0,-0.0,-0.0,-0.0,-0.0,-0.0,-0.0,-0.0,-0.0,-8.029098242435668e-06,0.002003617891310303,-8.029098241542636e-06,0.002003617891087452,-0.0,-0.0,-0.0,-0.0,-0.0,-0.0,-0.0,-0.0,-0.0,-0.0,-0.0,-0.0,-0.0,-0.0,-0.0,-0.0,-0.0,-0.0,-0.0,-0.0,-0.0,-0.0,-0.0,-0.0,-0.0,-0.0,-0.0,-0.0,-0.0,-0.0,-0.0,-0.0,-0.0,-0.0,-0.0,-0.0,-8.029090214628705e-09,2.003615888014643e-06,-0.0,-0.0,-0.0,-0.0,-0.0,-0.0,8.029098242532569e-06,-0.002003617891334485,-8.029090212887674e-06,0.002003615887580179,-0.0,-0.0,-0.0,-0.0,-0.0,-0.0,-0.0,-0.0,-0.0,-0.0,-0.0,-0.0,4.014565238042122e-06,-0.002003633978793982,3.497000993722039e-05,7.006760389376675e-08,-0.0,-0.0,-0.0,-0.0,-0.0,-0.0,-0.0,-0.0
89125.09381337395,0.0,-6.377749966682627,1785.730749017705,-0.0,-0.0,-0.0,-0.0,-0.0,-0.0,-0.0,-0.0,-0.0,-0.0,-0.0,-0.0,-0.0,-0.0,-0.0,-0.0,-0.0,-0.0,-0.0,-0.0,-0.0,-0.0,-0.0,-0.0,-0.0,-0.0,-0.0,-0.0,-0.0,-0.0,-6.377749965418188e-06,0.00178573074866367,-6.377749965418188e-06,0.00178573074866367,-0.0,-0.0,-0.0,-0.0,-0.0,-0.0,-0.0,-0.0,-0.0,-0.0,-0.0,-0.0,-0.0,-0.0,-0.0,-0.0,-0.0,-0.0,-0.0,-0.0,-0.0,-0.0,-0.0,-0.0,-0.0,-0.0,-0.0,-0.0,-0.0,-0.0,-0.0,-0.0,-0.0,-0.0,-0.0,-0.0,-6.377743588609018e-09,1.785728963196338e-06,-0.0,-0.0,-0.0,-0.0,-0.0,-0.0,6.377749965410251e-06,-0.001785730748661448,-6.377743587226062e-06,0.001785728962809119,-0.0,-0.0,-0.0,-0.0,-0.0,-0.0,-0.0,-0.0,-0.0,-0.0,-0.0,-0.0,3.188885151726829e-06,-0.001785742137733211,3.116707989725658e-05,5.565674362737452e-08,-0.0,-0.0,-0.0,-0.0,-0.0,-0.0,-0.0,-0.0
99999.99999999932,0.0,-5.066033516701413,1591.537336469491,-0.0,-0.0,-0.0,-0.0,-0.0,-0.0,-0.0,-0.0,-0.0,-0.0,-0.0,-0.0,-0.0,-0.0,-0.0,-0.0,-0.0,-0.0,-0.0,-0.0,-0.0,-0.0,-0.0,-0.0,-0.0,-0.0,-0.0,-0.0,-0.0,-0.0,-5.066033516701413e-06,0.001591537336469491,-5.066033515806258e-06,0.00159153733618827,-0.0,-0.0,-0.0,-0.0,-0.0,-0.0,-0.0,-0.0,-0.0,-0.0,-0.0,-0.0,-0.0,-0.0,-0.0,-0.0,-0.0,-0.0,-0.0,-0.0,-0.0,-0.0,-0.0,-0.0,-0.0,-0.0,-0.0,-0.0,-0.0,-0.0,-0.0,-0.0,-0.0,-0.0,-0.0,-0.0,-5.066028451509431e-09,1.59153574519653e-06,-0.0,-0.0,-0.0,-0.0,-0.0,-0.0,5.066033516789343e-06,-0.001591537336497115,-5.06602845041091e-06,0.00159153574485142,-0.0,-0.0,-0.0,-0.0,-0.0,-0.0,-0.0,-0.0,-0.0,-0.0,-0.0,-0.0,2.533023174627439e-06,-0.001591545399356441,2.777770741574189e-05,4.420977112723981e-08,-0.0,-0.0,-0.0,-0.0,-0.0,-0.0,-0.0,-0.0
112201.8454301956,0.0,-4.024097653495817,1418.461361224101,-0.0,-0.0,-0.0,-0.0,-0.0,-0.0,-0.0,-0.0,-0.0,-0.0,-0.0,-0.0,-0.0,-0.0,-0.0,-0.0,-0.0,-0.0,-0.0,-0.0,-0.0,-0.0,-0.0,-0.0,-0.0,-0.0,-0.0,-0.0,-0.0,-0.0,-4.024097653495817e-06,0.001418461361224101,-4.024097652862095e-06,0.001418461361000719,-0.0,-0.0,-0.0,-0.0,-0.0,-0.0,-0.0,-0.0,-0.0,-0.0,-0.0,-0.0,-0.0,-0.0,-0.0,-0.0,-0.0,-0.0,-0.0,-0.0,-0.0,-0.0,-0.0,-0.0,-0.0,-0.0,-0.0,-0.0,-0.0,-0.0,-0.0,-0.0,-0.0,-0.0,-0.0,-0.0,-4.024093629824345e-09,1.418459942912966e-06,-0.0,-0.0,-0.0,-0.0,-0.0,-0.0,4.024097653323388e-06,-0.001418461361163322,-4.024093628951759e-06,0.001418459942605386,-0.0,-0.0,-0.0,-0.0,-0.0,-0.0,-0.0,-0.0,-0.0,-0.0,-0.0,-0.0,2.012052875039409e-06,-0.001418467069239576,2.475692069115826e-05,3.511710487802467e-08,-0.0,-0.0,-0.0,-0.0,-0.0,-0.0,-0.0,-0.0
125892.5411794158,0.0,-3.196457031112966,1264.206588418441,-0.0,-0.0,-0.0,-0.0,-0.0,-0.0,-0.0,-0.0,-0.0,-0.0,-0.0,-0.0,-0.0,-0.0,-0.0,-0.0,-0.0,-0.0,-0.0,-0.0,-0.0,-0.0,-0.0,-0.0,-0.0,-0.0,-0.0,-0.0,-0.0,-0.0,-3.196457030664325e-06,0.001264206588241002,-3.196457030215683e-06,0.001264206588063563,-0.0,-0.0,-0.0,-0.0,-0.0,-0.0,-0.0,-0.0,-0.0,-0.0,-0.0,-0.0,-0.0,-0.0,-0.0,-0.0,-0.0,-0.0,-0.0,-0.0,-0.0,-0.0,-0.0,-0.0,-0.0,-0.0,-0.0,-0.0,-0.0,-0.0,-0.0,-0.0,-0.0,-0.0,-0.0,-0.0,-3.196453834871871e-09,1.264205324297257e-06,-0.0,-0.0,-0.0,-0.0,-0.0,-0.0,3.196457030853409e-06,-0.001264206588315786,-3.196453834178751e-06,0.001264205324023125,-0.0,-0.0,-0.0,-0.0,-0.0,-0.0,-0.0,-0.0,-0.0,-0.0,-0.0,-0.0,1.598231069785892e-06,-0.001264210629330358,2.206463792216208e-05,2.789453473330473e-08,-0.0,-0.0,-0.0,-0.0,-0.0,-0.0,-0.0,-0.0
141253.7544622744,0.0,-2.539037739997326,1126.726418973397,-0.0,-0.0,-0.0,-0.0,-0.0,-0.0,-0.0,-0.0,-0.0,-0.0,-0.0,-0.0,-0.0,-0.0,-0.0,-0.0,-0.0,-0.0,-0.0,-0.0,-0.0,-0.0,-0.0,-0.0,-0.0,-0.0,-0.0,-0.0,-0.0,-0.0,-2.539037739997326e-06,0.001126726418973397,-2.539037739679713e-06,0.001126726418832452,-0.0,-0.0,-0.0,-0.0,-0.0,-0.0,-0.0,-0.0,-0.0,-0.0,-0.0,-0.0,-0.0,-0.0,-0.0,-0.0,-0.0,-0.0,-0.0,-0.0,-0.0,-0.0,-0.0,-0.0,-0.0,-0.0,-0.0,-0.0,-0.0,-0.0,-0.0,-0.0,-0.0,-0.0,-0.0,-0.0,-2.539035201248787e-09,1.126725292375314e-06,-0.0,-0.0,-0.0,-0.0,-0.0,-0.0,2.539037739908829e-06,-0.001126726418934125,-2.539035200698221e-06,0.001126725292130994,-0.0,-0.0,-0.0,-0.0,-0.0,-0.0,-0.0,-0.0,-0.0,-0.0,-0.0,-0.0,1.269520481649882e-06,-0.001126729279757648,1.966513571187209e-05,2.215743742019639e-08,-0.0,-0.0,-0.0,-0.0,-0.0,-0.0,-0.0,-0.0
158489.3192461102,0.0,-2.016830419451395,1004.196764697775,-0.0,-0.0,-0.0,-0.0,-0.0,-0.0,-0.0,-0.0,-0.0,-0.0,-0.0,-0.0,-0.0,-0.0,-0.0,-0.0,-0.0,-0.0,-0.0,-0.0,-0.0,-0.0,-0.0,-0.0,-0.0,-0.0,-0.0,-0.0,-0.0,-0.0,-2.016830419001688e-06,0.001004196764473862,-2.016830419001688e-06,0.001004196764473862,-0.0,-0.0,-0.0,-0.0,-0.0,-0.0,-0.0,-0.0,-0.0,-0.0,-0.0,-0.0,-0.0,-0.0,-0.0,-0.0,-0.0,-0.0,-0.0,-0.0,-0.0,-0.0,-0.0,-0.0,-0.0,-0.0,-0.0,-0.0,-0.0,-0.0,-0.0,-0.0,-0.0,-0.0,-0.0,-0.0,-2.016828402516641e-09,1.004195760449061e-06,-0.0,-0.0,-0.0,-0.0,-0.0,-0.0,2.016830419047044e-06,-0.001004196764496445,-2.016828402079311e-06,0.00100419576023131,-0.0,-0.0,-0.0,-0.0,-0.0,-0.0,-0.0,-0.0,-0.0,-0.0,-0.0,-0.0,1.008416226437304e-06,-0.001004198789807605,1.752657522801508e-05,1.760029487177733e-08,-0.0,-0.0,-0.0,-0.0,-0.0,-0.0,-0.0,-0.0
177827.941003891,0.0,-1.602026011030737,894.9918653008355,-0.0,-0.0,-0.0,-0.0,-0.0,-0.0,-0.0,-0.0,-0.0,-0.0,-0.0,-0.0,-0.0,-0.0,-0.0,-0.0,-0.0,-0.0,-0.0,-0.0,-0.0,-0.0,-0.0,-0.0,-0.0,-0.0,-0.0,-0.0,-0.0,-0.0,-1.602026011030737e-06,0.0008949918653008355,-1.602026010712368e-06,0.0008949918651229749,-0.0,-0.0,-0.0,-0.0,-0.0,-0.0,-0.0,-0.0,-0.0,-0.0,-0.0,-0.0,-0.0,-0.0,-0.0,-0.0,-0.0,-0.0,-0.0,-0.0,-0.0,-0.0,-0.0,-0.0,-0.0,-0.0,-0.0,-0.0,-0.0,-0.0,-0.0,-0.0,-0.0,-0.0,-0.0,-0.0,-1.602024409241288e-09,8.949909704411287e-07,-0.0,-0.0,-0.0,-0.0,-0.0,-0.0,1.602026011028988e-06,-0.0008949918652998585,-1.602024408893905e-06,0.0008949909702470584,-0.0,-0.0,-0.0,-0.0,-0.0,-0.0,-0.0,-0.0,-0.0,-0.0,-0.0,-0.0,8.010136471456944e-07,-0.0008949932991128676,1.56205798540021e-05,1.398042486146732e-08,-0.0,-0.0,-0.0,-0.0,-0.0,-0.0,-0.0,-0.0
199526.2314968865,0.0,-1.27253491284321,797.6627339500947,-0.0,-0.0,-0.0,-0.0,-0.0,-0.0,-0.0,-0.0,-0.0,-0.0,-0.0,-0.0,-0.0,-0.0,-0.0,-0.0,-0.0,-0.0,-0.0,-0.0,-0.0,-0.0,-0.0,-0.0,-0.0,-0.0,-0.0,-0.0,-0.0,-0.0,-1.272534912617822e-06,0.000797662733808815,-1.272534912617822e-06,0.000797662733808815,-0.0,-0.0,-0.0,-0.0,-0.0,-0.0,-0.0,-0.0,-0.0,-0.0,-0.0,-0.0,-0.0,-0.0,-0.0,-0.0,-0.0,-0.0,-0.0,-0.0,-0.0,-0.0,-0.0,-0.0,-0.0,-0.0,-0.0,-0.0,-0.0,-0.0,-0.0,-0.0,-0.0,-0.0,-0.0,-0.0,-1.272533640267186e-09,7.976619362615907e-07,-0.0,-0.0,-0.0,-0.0,-0.0,-0.0,1.272534912612801e-06,-0.0007976627338056675,-1.272533639991249e-06,0.0007976619360886255,-0.0,-0.0,-0.0,-0.0,-0.0,-0.0,-0.0,-0.0,-0.0,-0.0,-0.0,-0.0,6.36267861149814e-07,-0.0007976637488695844,1.392185874265011e-05,1.110505766106593e-08,-0.0,-0.0,-0.0,-0.0,-0.0,-0.0,-0.0,-0.0
223872.1138568323,0.0,-1.010810675426099,710.9179389941091,-0.0,-0.0,-0.0,-0.0,-0.0,-0.0,-0.0,-0.0,-0.0,-0.0,-0.0,-0.0,-0.0,-0.0,-0.0,-0.0,-0.0,-0.0,-0.0,-0.0,-0.0,-0.0,-0.0,-0.0,-0.0,-0.0,-0.0,-0.0,-0.0,-0.0,-1.010810675266537e-06,0.0007109179388818868,-1.010810675266537e-06,0.0007109179388818868,-0.0,-0.0,-0.0,-0.0,-0.0,-0.0,-0.0,-0.0,-0.0,-0.0,-0.0,-0.0,-0.0,-0.0,-0.0,-0.0,-0.0,-0.0,-0.0,-0.0,-0.0,-0.0,-0.0,-0.0,-0.0,-0.0,-0.0,-0.0,-0.0,-0.0,-0.0,-0.0,-0.0,-0.0,-0.0,-0.0,-1.010809664654504e-09,7.109172281036556e-07,-0.0,-0.0,-0.0,-0.0,-0.0,-0.0,1.010810675314815e-06,-0.0007109179389158411,-1.010809664435319e-06,0.0007109172279494999,-0.0,-0.0,-0.0,-0.0,-0.0,-0.0,-0.0,-0.0,-0.0,-0.0,-0.0,-0.0,5.054055930974813e-07,-0.0007109186575277722,1.240787128868224e-05,8.821070586097677e-09,-0.0,-0.0,-0.0,-0.0,-0.0,-0.0,-0.0,-0.0
251188.6431509561,0.0,-0.8029156263558804,633.6064776360304,-0.0,-0.0,-0.0,-0.0,-0.0,-0.0,-0.0,-0.0,-0.0,-0.0,-0.0,-0.0,-0.0,-0.0,-0.0,-0.0,-0.0,-0.0,-0.0,-0.0,-0.0,-0.0,-0.0,-0.0,-0.0,-0.0,-0.0,-0.0,-0.0,-0.0,-8.029156262429189e-07,0.0006336064775468889,-8.029156262429189e-07,0.0006336064775468889,-0.0,-0.0,-0.0,-0.0,-0.0,-0.0,-0.0,-0.0,-0.0,-0.0,-0.0,-0.0,-0.0,-0.0,-0.0,-0.0,-0.0,-0.0,-0.0,-0.0,-0.0,-0.0,-0.0,-0.0,-0.0,-0.0,-0.0,-0.0,-0.0,-0.0,-0.0,-0.0,-0.0,-0.0,-0.0,-0.0,-8.029148234894818e-10,6.336058440684001e-07,-0.0,-0.0,-0.0,-0.0,-0.0,-0.0,8.029156262856694e-07,-0.0006336064775806247,-8.029148233153774e-07,0.0006336058439310085,-0.0,-0.0,-0.0,-0.0,-0.0,-0.0,-0.0,-0.0,-0.0,-0.0,-0.0,-0.0,4.014579743155185e-07,-0.0006336069863203739,1.105852807579437e-05,7.006833805275531e-09,-0.0,-0.0,-0.0,-0.0,-0.0,-0.0,-0.0,-0.0
281838.2931264432,0.0,-0.6377786574553271,564.7025074972398,-0.0,-0.0,-0.0,-0.0,-0.0,-0.0,-0.0,-0.0,-0.0,-0.0,-0.0,-0.0,-0.0,-0.0,-0.0,-0.0,-0.0,-0.0,-0.0,-0.0,-0.0,-0.0,-0.0,-0.0,-0.0,-0.0,-0.0,-0.0,-0.0,-0.0,-6.377786573753565e-07,0.0005647025074264321,-6.37778657295386e-07,0.0005647025073556246,-0.0,-0.0,-0.0,-0.0,-0.0,-0.0,-0.0,-0.0,-0.0,-0.0,-0.0,-0.0,-0.0,-0.0,-0.0,-0.0,-0.0,-0.0,-0.0,-0.0,-0.0,-0.0,-0.0,-0.0,-0.0,-0.0,-0.0,-0.0,-0.0,-0.0,-0.0,-0.0,-0.0,-0.0,-0.0,-0.0,-6.377780196971925e-10,5.647019428129036e-07,-0.0,-0.0,-0.0,-0.0,-0.0,-0.0,6.377786573809762e-07,-0.0005647025074314078,-6.377780195588962e-07,0.0005647019426904532,-0.0,-0.0,-0.0,-0.0,-0.0,-0.0,-0.0,-0.0,-0.0,-0.0,-0.0,-0.0,3.188894303842761e-07,-0.000564702867592837,9.855924335724001e-06,5.565733205085303e-09,-0.0,-0.0,-0.0,-0.0,-0.0,-0.0,-0.0,-0.0
316227.7660168355,0.0,-0.5066056615971323,503.2917386235511,-0.0,-0.0,-0.0,-0.0,-0.0,-0.0,-0.0,-0.0,-0.0,-0.0,-0.0,-0.0,-0.0,-0.0,-0.0,-0.0,-0.0,-0.0,-0.0,-0.0,-0.0,-0.0,-0.0,-0.0,-0.0,-0.0,-0.0,-0.0,-0.0,-0.0,-5.066056615405174e-07,0.0005032917385673066,-5.066056614839027e-07,0.0005032917385110621,-0.0,-0.0,-0.0,-0.0,-0.0,-0.0,-0.0,-0.0,-0.0,-0.0,-0.0,-0.0,-0.0,-0.0,-0.0,-0.0,-0.0,-0.0,-0.0,-0.0,-0.0,-0.0,-0.0,-0.0,-0.0,-0.0,-0.0,-0.0,-0.0,-0.0,-0.0,-0.0,-0.0,-0.0,-0.0,-0.0,-5.066051549849876e-10,5.032912353253719e-07,-0.0,-0.0,-0.0,-0.0,-0.0,-0.0,5.066056615152885e-07,-0.0005032917385422427,-5.066051548751351e-07,0.0005032912352162379,-0.0,-0.0,-0.0,-0.0,-0.0,-0.0,-0.0,-0.0,-0.0,-0.0,-0.0,-0.0,2.533028949226372e-07,-0.0005032919935181189,8.78410238651165e-06,4.421025398232881e-09,-0.0,-0.0,-0.0,-0.0,-0.0,-0.0,-0.0,-0.0
354813.3892335726,0.0,-0.4024112227724762,448.5593042710576,-0.0,-0.0,-0.0,-0.0,-0.0,-0.0,-0.0,-0.0,-0.0,-0.0,-0.0,-0.0,-0.0,-0.0,-0.0,-0.0,-0.0,-0.0,-0.0,-0.0,-0.0,-0.0,-0.0,-0.0,-0.0,-0.0,-0.0,-0.0,-0.0,-0.0,-4.024112227724762e-07,0.0004485593042710576,-4.024112226923157e-07,0.0004485593041817044,-0.0,-0.0,-0.0,-0.0,-0.0,-0.0,-0.0,-0.0,-0.0,-0.0,-0.0,-0.0,-0.0,-0.0,-0.0,-0.0,-0.0,-0.0,-0.0,-0.0,-0.0,-0.0,-0.0,-0.0,-0.0,-0.0,-0.0,-0.0,-0.0,-0.0,-0.0,-0.0,-0.0,-0.0,-0.0,-0.0,-4.024108203904425e-10,4.485588557442898e-07,-0.0,-0.0,-0.0,-0.0,-0.0,-0.0,4.02411222741804e-07,-0.000448559304236868,-4.024108203031836e-07,0.000448558855647024,-0.0,-0.0,-0.0,-0.0,-0.0,-0.0,-0.0,-0.0,-0.0,-0.0,-0.0,-0.0,2.012056518567105e-07,-0.0004485594847469437,7.828839900505167e-06,3.511750898916729e-09,-0.0,-0.0,-0.0,-0.0,-0.0,-0.0,-0.0,-0.0
398107.1705534941,0.0,-0.319646622646706,399.7789503379882,-0.0,-0.0,-0.0,-0.0,-0.0,-0.0,-0.0,-0.0,-0.0,-0.0,-0.0,-0.0,-0.0,-0.0,-0.0,-0.0,-0.0,-0.0,-0.0,-0.0,-0.0,-0.0,-0.0,-0.0,-0.0,-0.0,-0.0,-0.0,-0.0,-0.0,-3.19646622646706e-07,0.0003997789503379882,-3.196466225899567e-07,0.0003997789502670124,-0.0,-0.0,-0.0,-0.0,-0.0,-0.0,-0.0,-0.0,-0.0,-0.0,-0.0,-0.0,-0.0,-0.0,-0.0,-0.0,-0.0,-0.0,-0.0,-0.0,-0.0,-0.0,-0.0,-0.0,-0.0,-0.0,-0.0,-0.0,-0.0,-0.0,-0.0,-0.0,-0.0,-0.0,-0.0,-0.0,-3.196463030501016e-10,3.997785506215953e-07,-0.0,-0.0,-0.0,-0.0,-0.0,-0.0,3.196466226491748e-07,-0.0003997789503410759,-3.196463029807893e-07,0.000399778550534907,-0.0,-0.0,-0.0,-0.0,-0.0,-0.0,-0.0,-0.0,-0.0,-0.0,-0.0,-0.0,1.598233368697499e-07,-0.0003997790781332895,6.977461194569837e-06,2.789487834524396e-09,-0.0,-0.0,-0.0,-0.0,-0.0,-0.0,-0.0,-0.0
446683.5921509595,0.0,-0.2539043542358717,356.3033997288113,-0.0,-0.0,-0.0,-0.0,-0.0,-0.0,-0.0,-0.0,-0.0,-0.0,-0.0,-0.0,-0.0,-0.0,-0.0,-0.0,-0.0,-0.0,-0.0,-0.0,-0.0,-0.0,-0.0,-0.0,-0.0,-0.0,-0.0,-0.0,-0.0,-0.0,-2.539043541956963e-07,0.0003563033996724332,-2.539043541956963e-07,0.0003563033996724332,-0.0,-0.0,-0.0,-0.0,-0.0,-0.0,-0.0,-0.0,-0.0,-0.0,-0.0,-0.0,-0.0,-0.0,-0.0,-0.0,-0.0,-0.0,-0.0,-0.0,-0.0,-0.0,-0.0,-0.0,-0.0,-0.0,-0.0,-0.0,-0.0,-0.0,-0.0,-0.0,-0.0,-0.0,-0.0,-0.0,-2.539041003301681e-10,3.563030434235181e-07,-0.0,-0.0,-0.0,-0.0,-0.0,-0.0,2.539043541967524e-07,-0.0003563033996739153,-2.539041002751114e-07,0.000356303043346257,-0.0,-0.0,-0.0,-0.0,-0.0,-0.0,-0.0,-0.0,-0.0,-0.0,-0.0,-0.0,1.269521932165569e-07,-0.0003563034901446428,6.218669039868681e-06,2.215773322073065e-09,-0.0,-0.0,-0.0,-0.0,-0.0,-0.0,-0.0,-0.0
501187.2336272682,0.0,-0.2016834080109423,317.5557641271708,-0.0,-0.0,-0.0,-0.0,-0.0,-0.0,-0.0,-0.0,-0.0,-0.0,-0.0,-0.0,-0.0,-0.0,-0.0,-0.0,-0.0,-0.0,-0.0,-0.0,-0.0,-0.0,-0.0,-0.0,-0.0,-0.0,-0.0,-0.0,-0.0,-0.0,-2.016834079825003e-07,0.0003175557640823881,-2.016834079825003e-07,0.0003175557640823881,-0.0,-0.0,-0.0,-0.0,-0.0,-0.0,-0.0,-0.0,-0.0,-0.0,-0.0,-0.0,-0.0,-0.0,-0.0,-0.0,-0.0,-0.0,-0.0,-0.0,-0.0,-0.0,-0.0,-0.0,-0.0,-0.0,-0.0,-0.0,-0.0,-0.0,-0.0,-0.0,-0.0,-0.0,-0.0,-0.0,-2.016832063366105e-10,3.175554465856974e-07,-0.0,-0.0,-0.0,-0.0,-0.0,-0.0,2.016834079900168e-07,-0.000317555764094223,-2.016832062928775e-07,0.0003175554465168385,-0.0,-0.0,-0.0,-0.0,-0.0,-0.0,-0.0,-0.0,-0.0,-0.0,-0.0,-0.0,1.008417141651093e-07,-0.0003175558281432764,5.542394760442203e-06,1.760055191460158e-09,-0.0,-0.0,-0.0,-0.0,-0.0,-0.0,-0.0,-0.0
562341.3251903445,0.0,-0.1602028321146366,283.021890317107,-0.0,-0.0,-0.0,-0.0,-0.0,-0.0,-0.0,-0.0,-0.0,-0.0,-0.0,-0.0,-0.0,-0.0,-0.0,-0.0,-0.0,-0.0,-0.0,-0.0,-0.0,-0.0,-0.0,-0.0,-0.0,-0.0,-0.0,-0.0,-0.0,-0.0,-1.602028320945012e-07,0.0002830218902815348,-1.602028320743658e-07,0.0002830218902459626,-0.0,-0.0,-0.0,-0.0,-0.0,-0.0,-0.0,-0.0,-0.0,-0.0,-0.0,-0.0,-0.0,-0.0,-0.0,-0.0,-0.0,-0.0,-0.0,-0.0,-0.0,-0.0,-0.0,-0.0,-0.0,-0.0,-0.0,-0.0,-0.0,-0.0,-0.0,-0.0,-0.0,-0.0,-0.0,-0.0,-1.602026719081937e-10,2.830216072888376e-07,-0.0,-0.0,-0.0,-0.0,-0.0,-0.0,1.602028320871946e-07,-0.0002830218902686265,-1.602026718734552e-07,0.000283021607227467,-0.0,-0.0,-0.0,-0.0,-0.0,-0.0,-0.0,-0.0,-0.0,-0.0,-0.0,-0.0,8.01014224606689e-08,-0.0002830219356124917,4.939664632202849e-06,1.398064979331564e-09,-0.0,-0.0,-0.0,-0.0,-0.0,-0.0,-0.0,-0.0
630957.344480188,0.0,-0.1272536370074697,252.2435376908716,-0.0,-0.0,-0.0,-0.0,-0.0,-0.0,-0.0,-0.0,-0.0,-0.0,-0.0,-0.0,-0.0,-0.0,-0.0,-0.0,-0.0,-0.0,-0.0,-0.0,-0.0,-0.0,-0.0,-0.0,-0.0,-0.0,-0.0,-0.0,-0.0,-0.0,-1.272536370074697e-07,0.0002522435376908716,-1.272536369789601e-07,0.0002522435376343597,-0.0,-0.0,-0.0,-0.0,-0.0,-0.0,-0.0,-0.0,-0.0,-0.0,-0.0,-0.0,-0.0,-0.0,-0.0,-0.0,-0.0,-0.0,-0.0,-0.0,-0.0,-0.0,-0.0,-0.0,-0.0,-0.0,-0.0,-0.0,-0.0,-0.0,-0.0,-0.0,-0.0,-0.0,-0.0,-0.0,-1.272535097678503e-10,2.522432854751198e-07,-0.0,-0.0,-0.0,-0.0,-0.0,-0.0,1.272536370025575e-07,-0.0002522435376811347,-1.272535097402566e-07,0.0002522432854204232,-0.0,-0.0,-0.0,-0.0,-0.0,-0.0,-0.0,-0.0,-0.0,-0.0,-0.0,-0.0,6.362682255031357e-08,-0.0002522435697826739,4.402480810046849e-06,1.110525550838405e-09,-0.0,-0.0,-0.0,-0.0,-0.0,-0.0,-0.0,-0.0
707945.7843841319,0.0,-0.1010811595119384,224.8122984755021,-0.0,-0.0,-0.0,-0.0,-0.0,-0.0,-0.0,-0.0,-0.0,-0.0,-0.0,-0.0,-0.0,-0.0,-0.0,-0.0,-0.0,-0.0,-0.0,-0.0,-0.0,-0.0,-0.0,-0.0,-0.0,-0.0,-0.0,-0.0,-0.0,-0.0,-1.010811594917551e-07,0.0002248122984306131,-1.010811594917551e-07,0.0002248122984306131,-0.0,-0.0,-0.0,-0.0,-0.0,-0.0,-0.0,-0.0,-0.0,-0.0,-0.0,-0.0,-0.0,-0.0,-0.0,-0.0,-0.0,-0.0,-0.0,-0.0,-0.0,-0.0,-0.0,-0.0,-0.0,-0.0,-0.0,-0.0,-0.0,-0.0,-0.0,-0.0,-0.0,-0.0,-0.0,-0.0,-1.010810584219079e-10,2.248120736434738e-07,-0.0,-0.0,-0.0,-0.0,-0.0,-0.0,1.010811594880309e-07,-0.00022481229842233,-1.010810583999894e-07,0.0002248120735947255,-0.0,-0.0,-0.0,-0.0,-0.0,-0.0,-0.0,-0.0,-0.0,-0.0,-0.0,-0.0,5.054058229889196e-08,-0.0002248123211489613,3.923715203417437e-06,8.821245262449145e-10,-0.0,-0.0,-0.0,-0.0,-0.0,-0.0,-0.0,-0.0
794328.2347242747,0.0,-0.08029162064826824,200.3641781187067,-0.0,-0.0,-0.0,-0.0,-0.0,-0.0,-0.0,-0.0,-0.0,-0.0,-0.0,-0.0,-0.0,-0.0,-0.0,-0.0,-0.0,-0.0,-0.0,-0.0,-0.0,-0.0,-0.0,-0.0,-0.0,-0.0,-0.0,-0.0,-0.0,-0.0,-8.029162064826824e-08,0.0002003641781187067,-8.029162063397961e-08,0.0002003641780830501,-0.0,-0.0,-0.0,-0.0,-0.0,-0.0,-0.0,-0.0,-0.0,-0.0,-0.0,-0.0,-0.0,-0.0,-0.0,-0.0,-0.0,-0.0,-0.0,-0.0,-0.0,-0.0,-0.0,-0.0,-0.0,-0.0,-0.0,-0.0,-0.0,-0.0,-0.0,-0.0,-0.0,-0.0,-0.0,-0.0,-8.029154036956037e-11,2.003639777867519e-07,-0.0,-0.0,-0.0,-0.0,-0.0,-0.0,8.029162064923712e-08,-0.0002003641781211245,-8.02915403521499e-08,0.0002003639777433049,-0.0,-0.0,-0.0,-0.0,-0.0,-0.0,-0.0,-0.0,-0.0,-0.0,-0.0,-0.0,4.014581193672262e-08,-0.0002003641942107765,3.497014892366642e-06,7.006988441340676e-10,-0.0,-0.0,-0.0,-0.0,-0.0,-0.0,-0.0,-0.0
891250.9381337379,0.0,-0.06377790235180784,178.5747661566337,-0.0,-0.0,-0.0,-0.0,-0.0,-0.0,-0.0,-0.0,-0.0,-0.0,-0.0,-0.0,-0.0,-0.0,-0.0,-0.0,-0.0,-0.0,-0.0,-0.0,-0.0,-0.0,-0.0,-0.0,-0.0,-0.0,-0.0,-0.0,-0.0,-0.0,-6.377790235180785e-08,0.0001785747661566337,-6.377790234169229e-08,0.0001785747661283106,-0.0,-0.0,-0.0,-0.0,-0.0,-0.0,-0.0,-0.0,-0.0,-0.0,-0.0,-0.0,-0.0,-0.0,-0.0,-0.0,-0.0,-0.0,-0.0,-0.0,-0.0,-0.0,-0.0,-0.0,-0.0,-0.0,-0.0,-0.0,-0.0,-0.0,-0.0,-0.0,-0.0,-0.0,-0.0,-0.0,-6.377783857825563e-11,1.785745875940477e-07,-0.0,-0.0,-0.0,-0.0,-0.0,-0.0,6.377790234667059e-08,-0.0001785747661422497,-6.3777838564426e-08,0.0001785745875553255,-0.0,-0.0,-0.0,-0.0,-0.0,-0.0,-0.0,-0.0,-0.0,-0.0,-0.0,-0.0,3.188895219057249e-08,-0.0001785747775332334,3.116717829224182e-06,5.565870365653001e-10,-0.0,-0.0,-0.0,-0.0,-0.0,-0.0,-0.0,-0.0
999999.9999999914,0.0,-0.05066058925447105,159.1549309969333,-0.0,-0.0,-0.0,-0.0,-0.0,-0.0,-0.0,-0.0,-0.0,-0.0,-0.0,-0.0,-0.0,-0.0,-0.0,-0.0,-0.0,-0.0,-0.0,-0.0,-0.0,-0.0,-0.0,-0.0,-0.0,-0.0,-0.0,-0.0,-0.0,-0.0,-5.066058924730978e-08,0.0001591549309744355,-5.06605892401485e-08,0.0001591549309519377,-0.0,-0.0,-0.0,-0.0,-0.0,-0.0,-0.0,-0.0,-0.0,-0.0,-0.0,-0.0,-0.0,-0.0,-0.0,-0.0,-0.0,-0.0,-0.0,-0.0,-0.0,-0.0,-0.0,-0.0,-0.0,-0.0,-0.0,-0.0,-0.0,-0.0,-0.0,-0.0,-0.0,-0.0,-0.0,-0.0,-5.066053859692616e-11,1.591547718515665e-07,-0.0,-0.0,-0.0,-0.0,-0.0,-0.0,5.066058924997931e-08,-0.0001591549309828221,-5.066053858594089e-08,0.0001591547718170552,-0.0,-0.0,-0.0,-0.0,-0.0,-0.0,-0.0,-0.0,-0.0,-0.0,-0.0,-0.0,2.533029526687716e-08,-0.0001591549390473618,2.777777707413057e-06,4.421147226934949e-10,-0.0,-0.0,-0.0,-0.0,-0.0,-0.0,-0.0,-0.0
